time,num_bacteria,initial_num_phage,initial_num_antibiotic,mean_resistance
0,1,1,1,0.4805022372198757
1,1,1,1,0.4805022372198757
2,1,1,1,0.4805022372198757
3,1,1,1,0.4805022372198757
4,1,1,1,0.4805022372198757
5,1,1,1,0.4805022372198757
6,1,1,1,0.4805022372198757
7,1,1,1,0.4805022372198757
8,1,1,1,0.4805022372198757
9,1,1,1,0.4805022372198757
10,1,1,1,0.4805022372198757
11,1,1,1,0.4805022372198757
12,1,1,1,0.47581774558558904
13,1,1,1,0.47581774558558904
14,1,1,1,0.47581774558558904
15,1,1,1,0.47581774558558904
16,1,1,1,0.47581774558558904
17,1,1,1,0.47581774558558904
18,1,1,1,0.47581774558558904
19,1,1,1,0.47581774558558904
20,1,1,1,0.47581774558558904
0,1,1,2,0.7369099957811294
1,1,1,2,0.7369099957811294
2,1,1,2,0.7369099957811294
3,1,1,2,0.7369099957811294
4,1,1,2,0.7369099957811294
5,1,1,2,0.7369099957811294
6,1,1,2,0.7369099957811294
7,0,1,2,
0,1,1,3,0.22168903037549337
1,1,1,3,0.22168903037549337
2,1,1,3,0.22168903037549337
3,1,1,3,0.22168903037549337
4,1,1,3,0.22168903037549337
5,1,1,3,0.22168903037549337
6,1,1,3,0.22168903037549337
7,1,1,3,0.22168903037549337
8,1,1,3,0.22168903037549337
9,1,1,3,0.22168903037549337
10,1,1,3,0.22168903037549337
11,1,1,3,0.22168903037549337
12,1,1,3,0.22168903037549337
13,1,1,3,0.22168903037549337
14,1,1,3,0.22168903037549337
15,1,1,3,0.22168903037549337
16,1,1,3,0.22168903037549337
17,1,1,3,0.22168903037549337
18,1,1,3,-0.09862595925189954
19,1,1,3,-0.09862595925189954
20,1,1,3,-0.09862595925189954
0,1,1,4,0.8124849860178589
1,1,1,4,0.8124849860178589
2,1,1,4,0.8124849860178589
3,1,1,4,0.8124849860178589
4,1,1,4,0.8124849860178589
5,1,1,4,0.8124849860178589
6,1,1,4,0.8124849860178589
7,1,1,4,0.8124849860178589
8,1,1,4,0.7251626556236387
9,1,1,4,1.0774844148822647
10,1,1,4,1.0774844148822647
11,1,1,4,1.0774844148822647
12,1,1,4,1.2848899174450679
13,1,1,4,1.2848899174450679
14,1,1,4,1.2621484799865412
15,1,1,4,1.2621484799865412
16,1,1,4,1.2621484799865412
17,1,1,4,1.2621484799865412
18,1,1,4,1.2621484799865412
19,1,1,4,1.2621484799865412
20,1,1,4,1.2621484799865412
0,1,1,5,0.9205586329430953
1,1,1,5,0.9205586329430953
2,1,1,5,0.9205586329430953
3,1,1,5,0.9205586329430953
4,1,1,5,0.9205586329430953
5,1,1,5,0.9205586329430953
6,1,1,5,0.9205586329430953
7,1,1,5,0.9205586329430953
8,1,1,5,0.9205586329430953
9,1,1,5,0.9205586329430953
10,1,1,5,0.9205586329430953
11,1,1,5,0.9205586329430953
12,1,1,5,0.9205586329430953
13,1,1,5,0.9205586329430953
14,1,1,5,0.9205586329430953
15,1,1,5,0.9205586329430953
16,1,1,5,0.9205586329430953
17,1,1,5,0.9205586329430953
18,1,1,5,0.8607916495748508
19,1,1,5,0.8607916495748508
20,1,1,5,0.8607916495748508
0,1,2,1,0.5217756567898021
1,1,2,1,0.4992442194685811
2,1,2,1,0.4992442194685811
3,1,2,1,0.4992442194685811
4,1,2,1,0.4992442194685811
5,1,2,1,0.4992442194685811
6,1,2,1,0.4992442194685811
7,1,2,1,0.4992442194685811
8,1,2,1,0.4992442194685811
9,1,2,1,0.4992442194685811
10,1,2,1,0.4992442194685811
11,1,2,1,0.4992442194685811
12,1,2,1,0.4992442194685811
13,1,2,1,0.4992442194685811
14,1,2,1,0.4992442194685811
15,1,2,1,0.4992442194685811
16,1,2,1,0.4992442194685811
17,1,2,1,0.4992442194685811
18,1,2,1,0.4992442194685811
19,1,2,1,0.4992442194685811
20,1,2,1,0.4992442194685811
0,1,2,2,0.2824032926045822
1,1,2,2,0.2824032926045822
2,1,2,2,0.2824032926045822
3,1,2,2,0.2824032926045822
4,1,2,2,0.2824032926045822
5,1,2,2,0.2824032926045822
6,1,2,2,0.2824032926045822
7,1,2,2,0.2824032926045822
8,1,2,2,0.3369950788809247
9,1,2,2,0.3369950788809247
10,1,2,2,0.3369950788809247
11,1,2,2,0.3369950788809247
12,1,2,2,0.3369950788809247
13,1,2,2,0.3369950788809247
14,1,2,2,0.3369950788809247
15,1,2,2,0.3369950788809247
16,1,2,2,0.3369950788809247
17,1,2,2,0.3369950788809247
18,1,2,2,0.3369950788809247
19,1,2,2,0.3369950788809247
20,1,2,2,0.3369950788809247
0,1,2,3,0.7292577031485907
1,1,2,3,0.8641696942820045
2,1,2,3,0.8641696942820045
3,1,2,3,0.8641696942820045
4,1,2,3,0.8641696942820045
5,1,2,3,0.8641696942820045
6,1,2,3,0.8641696942820045
7,1,2,3,0.8641696942820045
8,1,2,3,0.8641696942820045
9,1,2,3,0.8641696942820045
10,1,2,3,0.8641696942820045
11,1,2,3,0.8641696942820045
12,1,2,3,0.8641696942820045
13,1,2,3,0.8641696942820045
14,1,2,3,0.8641696942820045
15,1,2,3,0.8641696942820045
16,1,2,3,0.8641696942820045
17,1,2,3,0.8641696942820045
18,1,2,3,0.8641696942820045
19,1,2,3,0.8641696942820045
20,1,2,3,0.8641696942820045
0,1,2,4,0.9971134577918211
1,1,2,4,0.9971134577918211
2,1,2,4,0.9971134577918211
3,1,2,4,0.9971134577918211
4,1,2,4,0.9971134577918211
5,1,2,4,0.9971134577918211
6,1,2,4,0.9971134577918211
7,1,2,4,0.9971134577918211
8,1,2,4,0.9971134577918211
9,1,2,4,0.9971134577918211
10,1,2,4,0.9971134577918211
11,1,2,4,0.9971134577918211
12,1,2,4,0.9971134577918211
13,1,2,4,0.9971134577918211
14,1,2,4,0.9971134577918211
15,1,2,4,0.9971134577918211
16,1,2,4,0.9971134577918211
17,1,2,4,0.9971134577918211
18,1,2,4,0.9971134577918211
19,1,2,4,0.9971134577918211
20,1,2,4,0.9971134577918211
0,1,2,5,0.7674447928689216
1,1,2,5,0.7674447928689216
2,1,2,5,0.7674447928689216
3,1,2,5,0.7674447928689216
4,1,2,5,0.7674447928689216
5,1,2,5,0.7674447928689216
6,1,2,5,0.7674447928689216
7,1,2,5,0.7674447928689216
8,1,2,5,0.7674447928689216
9,1,2,5,0.7674447928689216
10,1,2,5,0.7674447928689216
11,1,2,5,0.7674447928689216
12,1,2,5,0.7674447928689216
13,1,2,5,0.7674447928689216
14,1,2,5,0.7674447928689216
15,1,2,5,0.7674447928689216
16,1,2,5,0.7674447928689216
17,1,2,5,0.7674447928689216
18,1,2,5,0.7674447928689216
19,1,2,5,0.7674447928689216
20,1,2,5,0.7674447928689216
0,1,3,1,0.40182602223552144
1,1,3,1,0.40182602223552144
2,1,3,1,0.40182602223552144
3,1,3,1,0.40182602223552144
4,1,3,1,0.40182602223552144
5,1,3,1,0.40182602223552144
6,1,3,1,0.40182602223552144
7,1,3,1,0.40182602223552144
8,1,3,1,0.40182602223552144
9,1,3,1,0.40182602223552144
10,1,3,1,0.40182602223552144
11,1,3,1,0.40182602223552144
12,1,3,1,0.40182602223552144
13,1,3,1,0.40182602223552144
14,1,3,1,0.40182602223552144
15,1,3,1,0.40182602223552144
16,1,3,1,0.40182602223552144
17,1,3,1,0.5935770375580539
18,1,3,1,0.5935770375580539
19,1,3,1,0.5935770375580539
20,1,3,1,0.5935770375580539
0,1,3,2,0.8378498156477621
1,1,3,2,0.8378498156477621
2,1,3,2,0.8378498156477621
3,1,3,2,0.8378498156477621
4,1,3,2,0.8378498156477621
5,1,3,2,0.8378498156477621
6,1,3,2,1.0605063235638357
7,1,3,2,1.0605063235638357
8,1,3,2,1.0605063235638357
9,1,3,2,1.0605063235638357
10,1,3,2,1.0605063235638357
11,1,3,2,1.0605063235638357
12,1,3,2,1.0605063235638357
13,1,3,2,1.0605063235638357
14,1,3,2,1.0605063235638357
15,1,3,2,1.0605063235638357
16,1,3,2,1.0605063235638357
17,1,3,2,0.9561071932638001
18,1,3,2,0.9561071932638001
19,1,3,2,0.9561071932638001
20,1,3,2,0.9561071932638001
0,1,3,3,0.6970817679080568
1,1,3,3,0.6970817679080568
2,1,3,3,0.7945267916200377
3,1,3,3,0.7945267916200377
4,1,3,3,0.7945267916200377
5,1,3,3,1.0352741698069412
6,1,3,3,1.0352741698069412
7,1,3,3,1.0352741698069412
8,1,3,3,1.0352741698069412
9,1,3,3,1.0352741698069412
10,1,3,3,1.0352741698069412
11,1,3,3,1.0352741698069412
12,1,3,3,1.0352741698069412
13,1,3,3,1.0352741698069412
14,1,3,3,1.0352741698069412
15,1,3,3,1.0352741698069412
16,1,3,3,1.031296418648068
17,1,3,3,1.031296418648068
18,1,3,3,1.031296418648068
19,1,3,3,1.031296418648068
20,1,3,3,1.031296418648068
0,1,3,4,0.3835755110650265
1,1,3,4,0.3835755110650265
2,1,3,4,0.3835755110650265
3,1,3,4,0.3835755110650265
4,1,3,4,0.3835755110650265
5,1,3,4,0.3835755110650265
6,1,3,4,0.3835755110650265
7,1,3,4,0.3835755110650265
8,1,3,4,0.3835755110650265
9,1,3,4,0.3835755110650265
10,1,3,4,0.3835755110650265
11,1,3,4,0.3835755110650265
12,1,3,4,0.3835755110650265
13,1,3,4,0.3835755110650265
14,1,3,4,0.3835755110650265
15,1,3,4,0.3697634541178337
16,1,3,4,0.3697634541178337
17,1,3,4,0.3697634541178337
18,1,3,4,0.3697634541178337
19,1,3,4,0.3697634541178337
20,1,3,4,0.3697634541178337
0,1,3,5,0.16912116090468687
1,1,3,5,0.16912116090468687
2,1,3,5,0.16912116090468687
3,1,3,5,0.16912116090468687
4,1,3,5,0.16912116090468687
5,1,3,5,0.16912116090468687
6,1,3,5,0.16912116090468687
7,1,3,5,0.16912116090468687
8,1,3,5,0.16912116090468687
9,1,3,5,0.16912116090468687
10,1,3,5,0.16912116090468687
11,1,3,5,0.16912116090468687
12,1,3,5,0.16912116090468687
13,1,3,5,0.16912116090468687
14,1,3,5,0.16912116090468687
15,1,3,5,0.2012361400313127
16,1,3,5,0.2012361400313127
17,1,3,5,0.2012361400313127
18,1,3,5,0.2012361400313127
19,1,3,5,0.2012361400313127
20,1,3,5,0.2012361400313127
0,1,4,1,0.6002622781613881
1,1,4,1,0.8604054786169661
2,1,4,1,0.8604054786169661
3,1,4,1,0.8604054786169661
4,1,4,1,0.7977925248497535
5,1,4,1,0.7977925248497535
6,1,4,1,0.7977925248497535
7,1,4,1,0.7977925248497535
8,1,4,1,0.7977925248497535
9,1,4,1,0.7977925248497535
10,1,4,1,0.7977925248497535
11,1,4,1,0.7977925248497535
12,1,4,1,0.7977925248497535
13,1,4,1,0.7977925248497535
14,1,4,1,0.7977925248497535
15,1,4,1,0.7990098262409593
16,1,4,1,0.7990098262409593
17,1,4,1,0.7990098262409593
18,1,4,1,0.7990098262409593
19,1,4,1,0.7990098262409593
20,1,4,1,0.7990098262409593
0,1,4,2,0.3024537584623087
1,1,4,2,0.3024537584623087
2,1,4,2,0.3024537584623087
3,1,4,2,0.3024537584623087
4,1,4,2,0.3024537584623087
5,1,4,2,0.3024537584623087
6,1,4,2,0.3024537584623087
7,1,4,2,0.07160725225869874
8,1,4,2,0.07160725225869874
9,1,4,2,0.07160725225869874
10,1,4,2,0.07160725225869874
11,1,4,2,0.07160725225869874
12,1,4,2,0.07160725225869874
13,1,4,2,0.07160725225869874
14,1,4,2,0.07160725225869874
15,1,4,2,0.07160725225869874
16,1,4,2,0.07160725225869874
17,1,4,2,0.07160725225869874
18,1,4,2,0.07160725225869874
19,1,4,2,0.07160725225869874
20,0,4,2,
0,1,4,3,0.9657116487851553
1,1,4,3,0.9657116487851553
2,1,4,3,0.9657116487851553
3,1,4,3,0.9657116487851553
4,1,4,3,0.9657116487851553
5,1,4,3,0.9657116487851553
6,1,4,3,0.9657116487851553
7,1,4,3,0.9657116487851553
8,1,4,3,0.9657116487851553
9,1,4,3,0.9657116487851553
10,1,4,3,0.9657116487851553
11,1,4,3,0.9657116487851553
12,1,4,3,0.9657116487851553
13,1,4,3,0.9657116487851553
14,1,4,3,0.9657116487851553
15,1,4,3,0.9657116487851553
16,1,4,3,0.9657116487851553
17,1,4,3,0.9657116487851553
18,1,4,3,0.9657116487851553
19,1,4,3,0.9657116487851553
20,1,4,3,0.9657116487851553
0,1,4,4,0.3402144757864951
1,1,4,4,0.3402144757864951
2,1,4,4,0.3402144757864951
3,1,4,4,0.3402144757864951
4,1,4,4,0.3402144757864951
5,1,4,4,0.3402144757864951
6,1,4,4,0.3402144757864951
7,1,4,4,0.3402144757864951
8,1,4,4,0.3402144757864951
9,1,4,4,0.3402144757864951
10,1,4,4,0.3402144757864951
11,1,4,4,0.3402144757864951
12,1,4,4,0.3402144757864951
13,1,4,4,0.3402144757864951
14,1,4,4,0.3402144757864951
15,1,4,4,0.3402144757864951
16,1,4,4,0.3402144757864951
17,1,4,4,0.3402144757864951
18,1,4,4,0.3402144757864951
19,1,4,4,0.3402144757864951
20,1,4,4,0.3402144757864951
0,1,4,5,0.9121852795878698
1,1,4,5,0.9121852795878698
2,1,4,5,0.9121852795878698
3,1,4,5,0.9121852795878698
4,1,4,5,0.9121852795878698
5,1,4,5,0.9121852795878698
6,1,4,5,0.9901961554256336
7,1,4,5,0.9901961554256336
8,1,4,5,0.9901961554256336
9,1,4,5,0.9901961554256336
10,1,4,5,0.9901961554256336
11,1,4,5,0.9901961554256336
12,1,4,5,0.968423497205438
13,1,4,5,0.968423497205438
14,1,4,5,0.968423497205438
15,1,4,5,0.968423497205438
16,1,4,5,0.968423497205438
17,1,4,5,0.968423497205438
18,1,4,5,0.968423497205438
19,1,4,5,0.968423497205438
20,1,4,5,0.968423497205438
0,1,5,1,0.29018031926088406
1,1,5,1,0.29018031926088406
2,1,5,1,0.29018031926088406
3,1,5,1,0.29018031926088406
4,1,5,1,0.29018031926088406
5,1,5,1,0.29018031926088406
6,1,5,1,0.29018031926088406
7,1,5,1,0.29018031926088406
8,1,5,1,0.29018031926088406
9,1,5,1,0.29018031926088406
10,1,5,1,0.29018031926088406
11,1,5,1,0.29018031926088406
12,1,5,1,0.29018031926088406
13,1,5,1,0.29018031926088406
14,1,5,1,0.29018031926088406
15,1,5,1,0.29018031926088406
16,1,5,1,0.29018031926088406
17,1,5,1,0.29018031926088406
18,1,5,1,0.29018031926088406
19,1,5,1,0.29018031926088406
20,1,5,1,0.29018031926088406
0,1,5,2,0.860300283469079
1,1,5,2,0.860300283469079
2,1,5,2,0.860300283469079
3,1,5,2,0.7807761961401412
4,1,5,2,0.7807761961401412
5,1,5,2,0.7807761961401412
6,1,5,2,0.7807761961401412
7,1,5,2,0.7807761961401412
8,1,5,2,0.7807761961401412
9,1,5,2,0.7807761961401412
10,1,5,2,0.7807761961401412
11,1,5,2,0.7807761961401412
12,1,5,2,0.7807761961401412
13,1,5,2,0.7807761961401412
14,1,5,2,0.7807761961401412
15,1,5,2,0.7807761961401412
16,1,5,2,0.7807761961401412
17,1,5,2,0.7397266886899962
18,1,5,2,0.7397266886899962
19,1,5,2,0.7397266886899962
20,1,5,2,0.38802000808036863
0,1,5,3,0.03202553095983429
1,1,5,3,0.03202553095983429
2,1,5,3,0.03202553095983429
3,1,5,3,0.03202553095983429
4,1,5,3,0.03202553095983429
5,1,5,3,0.03202553095983429
6,1,5,3,0.03202553095983429
7,1,5,3,0.03202553095983429
8,1,5,3,0.03202553095983429
9,1,5,3,0.03202553095983429
10,1,5,3,0.03202553095983429
11,1,5,3,0.03202553095983429
12,1,5,3,0.03202553095983429
13,1,5,3,0.03202553095983429
14,1,5,3,0.03202553095983429
15,1,5,3,0.03202553095983429
16,1,5,3,0.03202553095983429
17,1,5,3,0.03202553095983429
18,1,5,3,0.03202553095983429
19,1,5,3,0.03202553095983429
20,1,5,3,0.03202553095983429
0,1,5,4,0.3940243799503449
1,1,5,4,0.3940243799503449
2,1,5,4,0.3940243799503449
3,1,5,4,0.3940243799503449
4,1,5,4,0.3940243799503449
5,1,5,4,0.3940243799503449
6,1,5,4,0.3940243799503449
7,1,5,4,0.3940243799503449
8,1,5,4,0.3940243799503449
9,1,5,4,0.3940243799503449
10,1,5,4,0.3940243799503449
11,1,5,4,0.22058657051261202
12,1,5,4,0.22058657051261202
13,1,5,4,0.22058657051261202
14,1,5,4,0.22058657051261202
15,1,5,4,0.22058657051261202
16,1,5,4,0.22058657051261202
17,1,5,4,0.22058657051261202
18,1,5,4,0.22058657051261202
19,1,5,4,0.22058657051261202
20,1,5,4,0.22058657051261202
0,1,5,5,0.42142523967314693
1,1,5,5,0.42142523967314693
2,1,5,5,0.42142523967314693
3,1,5,5,0.42142523967314693
4,1,5,5,0.42142523967314693
5,1,5,5,0.42142523967314693
6,1,5,5,0.42142523967314693
7,1,5,5,0.42142523967314693
8,1,5,5,0.42142523967314693
9,1,5,5,0.42142523967314693
10,1,5,5,0.42142523967314693
11,1,5,5,0.42142523967314693
12,1,5,5,0.80928671223449
13,1,5,5,0.80928671223449
14,1,5,5,0.80928671223449
15,1,5,5,0.9516391630149728
16,1,5,5,0.9516391630149728
17,1,5,5,0.9516391630149728
18,1,5,5,0.9516391630149728
19,1,5,5,0.9516391630149728
20,1,5,5,0.9516391630149728
0,2,1,1,0.2521438988483882
1,2,1,1,0.2521438988483882
2,2,1,1,0.2521438988483882
3,2,1,1,0.2521438988483882
4,2,1,1,0.2521438988483882
5,2,1,1,0.2521438988483882
6,2,1,1,0.2521438988483882
7,2,1,1,0.2521438988483882
8,2,1,1,0.2521438988483882
9,2,1,1,0.2521438988483882
10,2,1,1,0.45251660614112416
11,2,1,1,0.45251660614112416
12,2,1,1,0.45251660614112416
13,2,1,1,0.45251660614112416
14,2,1,1,0.45251660614112416
15,2,1,1,0.4696222399508774
16,2,1,1,0.4696222399508774
17,2,1,1,0.4696222399508774
18,2,1,1,0.4696222399508774
19,2,1,1,0.4696222399508774
20,2,1,1,0.4696222399508774
0,2,1,2,0.6406868546981488
1,2,1,2,0.6736912666409587
2,2,1,2,0.44761035165594204
3,2,1,2,0.44761035165594204
4,2,1,2,0.44761035165594204
5,2,1,2,0.44761035165594204
6,2,1,2,0.44761035165594204
7,2,1,2,0.44761035165594204
8,2,1,2,0.44761035165594204
9,2,1,2,0.44761035165594204
10,2,1,2,0.44761035165594204
11,2,1,2,0.46690690625459064
12,2,1,2,0.46690690625459064
13,2,1,2,0.46690690625459064
14,2,1,2,0.46690690625459064
15,2,1,2,0.46690690625459064
16,2,1,2,0.46690690625459064
17,2,1,2,0.46690690625459064
18,2,1,2,0.46690690625459064
19,2,1,2,0.46690690625459064
20,2,1,2,0.46690690625459064
0,2,1,3,0.18919664244565065
1,2,1,3,0.17019115513214828
2,2,1,3,0.17019115513214828
3,2,1,3,0.17019115513214828
4,2,1,3,0.17019115513214828
5,2,1,3,0.17019115513214828
6,2,1,3,0.17019115513214828
7,2,1,3,0.17019115513214828
8,2,1,3,0.17019115513214828
9,2,1,3,0.17019115513214828
10,2,1,3,0.17019115513214828
11,2,1,3,0.17019115513214828
12,2,1,3,0.17019115513214828
13,2,1,3,0.17019115513214828
14,2,1,3,0.27720916235190335
15,2,1,3,0.27720916235190335
16,2,1,3,0.27720916235190335
17,2,1,3,0.27720916235190335
18,2,1,3,0.27720916235190335
19,2,1,3,0.27720916235190335
20,2,1,3,0.27720916235190335
0,2,1,4,0.2672643220611407
1,2,1,4,0.2672643220611407
2,2,1,4,0.2672643220611407
3,2,1,4,0.2672643220611407
4,2,1,4,0.2672643220611407
5,2,1,4,0.2672643220611407
6,2,1,4,0.2672643220611407
7,2,1,4,0.2672643220611407
8,2,1,4,0.3849416304072834
9,2,1,4,0.3849416304072834
10,2,1,4,0.3849416304072834
11,2,1,4,0.3849416304072834
12,2,1,4,0.3849416304072834
13,2,1,4,0.3849416304072834
14,2,1,4,0.3849416304072834
15,2,1,4,0.3849416304072834
16,2,1,4,0.3849416304072834
17,2,1,4,0.3849416304072834
18,2,1,4,0.3849416304072834
19,2,1,4,0.3849416304072834
20,2,1,4,0.3849416304072834
0,2,1,5,0.34354939414873004
1,2,1,5,0.34354939414873004
2,2,1,5,0.34354939414873004
3,2,1,5,0.34354939414873004
4,2,1,5,0.34354939414873004
5,2,1,5,0.34354939414873004
6,2,1,5,0.34354939414873004
7,2,1,5,0.34354939414873004
8,2,1,5,0.34354939414873004
9,2,1,5,0.3178738345800258
10,2,1,5,0.3178738345800258
11,2,1,5,0.3178738345800258
12,2,1,5,0.3178738345800258
13,2,1,5,0.2468753521624289
14,2,1,5,0.2468753521624289
15,2,1,5,0.2468753521624289
16,2,1,5,0.2468753521624289
17,2,1,5,0.2468753521624289
18,2,1,5,0.2468753521624289
19,2,1,5,0.2468753521624289
20,2,1,5,0.2468753521624289
0,2,2,1,0.577356198356727
1,2,2,1,0.577356198356727
2,2,2,1,0.577356198356727
3,2,2,1,0.577356198356727
4,2,2,1,0.577356198356727
5,2,2,1,0.577356198356727
6,2,2,1,0.577356198356727
7,2,2,1,0.577356198356727
8,2,2,1,0.4187377262334141
9,2,2,1,0.4187377262334141
10,2,2,1,0.6043304020189051
11,2,2,1,0.6043304020189051
12,2,2,1,0.6043304020189051
13,2,2,1,0.6043304020189051
14,2,2,1,0.4822332881225435
15,2,2,1,0.4822332881225435
16,2,2,1,0.4822332881225435
17,2,2,1,0.4822332881225435
18,2,2,1,0.4822332881225435
19,2,2,1,0.4822332881225435
20,2,2,1,0.4822332881225435
0,2,2,2,0.8427054196816892
1,2,2,2,0.7518219529417036
2,2,2,2,0.7518219529417036
3,2,2,2,0.7518219529417036
4,2,2,2,0.7518219529417036
5,2,2,2,0.7518219529417036
6,2,2,2,0.7518219529417036
7,2,2,2,0.7518219529417036
8,2,2,2,0.7518219529417036
9,1,2,2,0.0
10,1,2,2,0.5865221911599172
11,1,2,2,0.5865221911599172
12,1,2,2,0.5865221911599172
13,1,2,2,0.5865221911599172
14,1,2,2,0.5865221911599172
15,1,2,2,0.5865221911599172
16,1,2,2,0.5865221911599172
17,1,2,2,0.5865221911599172
18,1,2,2,0.5865221911599172
19,1,2,2,0.5865221911599172
20,1,2,2,0.5865221911599172
0,2,2,3,0.5560714691849145
1,2,2,3,0.5560714691849145
2,2,2,3,0.5560714691849145
3,2,2,3,0.5560714691849145
4,2,2,3,0.5560714691849145
5,2,2,3,0.5560714691849145
6,2,2,3,0.5560714691849145
7,2,2,3,0.5560714691849145
8,2,2,3,0.5560714691849145
9,2,2,3,0.5560714691849145
10,2,2,3,0.5560714691849145
11,2,2,3,0.5560714691849145
12,2,2,3,0.5560714691849145
13,2,2,3,0.5970284407426095
14,2,2,3,0.5970284407426095
15,2,2,3,0.5970284407426095
16,2,2,3,0.5970284407426095
17,2,2,3,0.5970284407426095
18,2,2,3,0.5970284407426095
19,2,2,3,0.5970284407426095
20,2,2,3,0.5970284407426095
0,2,2,4,0.48007705884509866
1,2,2,4,0.48007705884509866
2,2,2,4,0.48007705884509866
3,2,2,4,0.48007705884509866
4,2,2,4,0.48007705884509866
5,2,2,4,0.48007705884509866
6,2,2,4,0.48007705884509866
7,2,2,4,0.48007705884509866
8,2,2,4,0.48007705884509866
9,2,2,4,0.48007705884509866
10,2,2,4,0.48007705884509866
11,2,2,4,0.48007705884509866
12,2,2,4,0.48007705884509866
13,2,2,4,0.48007705884509866
14,2,2,4,0.48007705884509866
15,2,2,4,0.48007705884509866
16,2,2,4,0.48007705884509866
17,2,2,4,0.48007705884509866
18,2,2,4,0.48007705884509866
19,2,2,4,0.48007705884509866
20,2,2,4,0.48007705884509866
0,2,2,5,0.7445988439785225
1,2,2,5,0.7445988439785225
2,1,2,5,0.8559890184459406
3,1,2,5,0.8559890184459406
4,1,2,5,0.8559890184459406
5,1,2,5,0.8559890184459406
6,1,2,5,0.8559890184459406
7,1,2,5,0.8559890184459406
8,1,2,5,0.8559890184459406
9,1,2,5,0.8559890184459406
10,1,2,5,0.8559890184459406
11,1,2,5,0.8559890184459406
12,1,2,5,0.8559890184459406
13,1,2,5,0.8559890184459406
14,1,2,5,0.8559890184459406
15,1,2,5,0.8559890184459406
16,1,2,5,0.8559890184459406
17,1,2,5,0.8559890184459406
18,1,2,5,0.8559890184459406
19,1,2,5,0.8559890184459406
20,1,2,5,0.8559890184459406
0,2,3,1,0.594675869746
1,2,3,1,0.594675869746
2,2,3,1,0.594675869746
3,2,3,1,0.594675869746
4,2,3,1,0.594675869746
5,2,3,1,0.594675869746
6,2,3,1,0.594675869746
7,2,3,1,0.6919586715464232
8,2,3,1,0.6919586715464232
9,2,3,1,0.6919586715464232
10,2,3,1,0.6919586715464232
11,2,3,1,0.6919586715464232
12,2,3,1,0.6919586715464232
13,2,3,1,0.6919586715464232
14,2,3,1,0.6919586715464232
15,2,3,1,0.6919586715464232
16,2,3,1,0.6919586715464232
17,2,3,1,0.6919586715464232
18,2,3,1,0.6503302956259439
19,2,3,1,0.6503302956259439
20,2,3,1,0.5059820423719223
0,2,3,2,0.598538705129597
1,2,3,2,0.598538705129597
2,2,3,2,0.598538705129597
3,1,3,2,0.760768940760654
4,1,3,2,0.760768940760654
5,1,3,2,0.760768940760654
6,1,3,2,0.760768940760654
7,1,3,2,0.760768940760654
8,1,3,2,0.760768940760654
9,1,3,2,0.760768940760654
10,1,3,2,0.760768940760654
11,1,3,2,0.760768940760654
12,1,3,2,0.760768940760654
13,1,3,2,0.760768940760654
14,1,3,2,0.760768940760654
15,1,3,2,0.760768940760654
16,1,3,2,0.760768940760654
17,1,3,2,0.760768940760654
18,1,3,2,0.760768940760654
19,1,3,2,0.760768940760654
20,1,3,2,0.760768940760654
0,2,3,3,0.4878094261936387
1,2,3,3,0.6315832692832399
2,2,3,3,0.6315832692832399
3,2,3,3,0.6315832692832399
4,2,3,3,0.6315832692832399
5,2,3,3,0.6315832692832399
6,2,3,3,0.6315832692832399
7,2,3,3,0.6315832692832399
8,2,3,3,0.6315832692832399
9,2,3,3,0.6315832692832399
10,2,3,3,0.6315832692832399
11,2,3,3,0.6315832692832399
12,2,3,3,0.6315832692832399
13,2,3,3,0.6315832692832399
14,1,3,3,0.0
15,1,3,3,0.963965242603441
16,1,3,3,0.963965242603441
17,1,3,3,0.963965242603441
18,1,3,3,0.963965242603441
19,1,3,3,0.963965242603441
20,1,3,3,0.963965242603441
0,2,3,4,0.43678686778985465
1,2,3,4,0.43678686778985465
2,2,3,4,0.43678686778985465
3,2,3,4,0.43678686778985465
4,2,3,4,0.43678686778985465
5,2,3,4,0.43678686778985465
6,2,3,4,0.43678686778985465
7,2,3,4,0.43678686778985465
8,2,3,4,0.43678686778985465
9,2,3,4,0.43678686778985465
10,2,3,4,0.43678686778985465
11,2,3,4,0.43678686778985465
12,2,3,4,0.43678686778985465
13,2,3,4,0.3183859234548475
14,1,3,4,0.0
15,1,3,4,0.5301165253770133
16,1,3,4,0.5301165253770133
17,1,3,4,0.5301165253770133
18,1,3,4,0.5301165253770133
19,1,3,4,0.5301165253770133
20,1,3,4,0.5301165253770133
0,2,3,5,0.16131045926602816
1,2,3,5,0.16131045926602816
2,2,3,5,0.16131045926602816
3,2,3,5,0.16131045926602816
4,2,3,5,0.16131045926602816
5,2,3,5,0.16131045926602816
6,2,3,5,0.16131045926602816
7,2,3,5,0.11584470236543959
8,2,3,5,0.11584470236543959
9,2,3,5,0.11584470236543959
10,2,3,5,0.11584470236543959
11,2,3,5,0.11584470236543959
12,2,3,5,0.11584470236543959
13,2,3,5,0.11584470236543959
14,2,3,5,0.11584470236543959
15,2,3,5,0.11584470236543959
16,2,3,5,0.11584470236543959
17,2,3,5,0.11584470236543959
18,2,3,5,0.11584470236543959
19,2,3,5,0.11584470236543959
20,2,3,5,0.11584470236543959
0,2,4,1,0.89357187293866
1,2,4,1,0.89357187293866
2,1,4,1,0.9524983712741419
3,1,4,1,0.4024211582785986
4,1,4,1,0.4024211582785986
5,1,4,1,0.4024211582785986
6,1,4,1,0.4024211582785986
7,1,4,1,0.4024211582785986
8,1,4,1,0.4024211582785986
9,1,4,1,0.4024211582785986
10,1,4,1,0.4024211582785986
11,1,4,1,0.4024211582785986
12,1,4,1,0.4024211582785986
13,1,4,1,0.4024211582785986
14,1,4,1,0.4024211582785986
15,1,4,1,0.4024211582785986
16,1,4,1,0.4024211582785986
17,1,4,1,0.4024211582785986
18,1,4,1,0.0861258419897602
19,1,4,1,0.0861258419897602
20,1,4,1,0.0861258419897602
0,2,4,2,0.12215177057529597
1,2,4,2,0.09859696758603373
2,2,4,2,0.09859696758603373
3,2,4,2,0.09859696758603373
4,2,4,2,0.09859696758603373
5,2,4,2,0.20973066931583162
6,2,4,2,0.20973066931583162
7,2,4,2,0.20973066931583162
8,2,4,2,0.20973066931583162
9,2,4,2,0.2305359556406142
10,2,4,2,0.2305359556406142
11,2,4,2,0.2305359556406142
12,2,4,2,0.2305359556406142
13,2,4,2,0.2753445213835233
14,2,4,2,0.2753445213835233
15,2,4,2,0.2753445213835233
16,2,4,2,0.2753445213835233
17,2,4,2,0.2753445213835233
18,2,4,2,0.2753445213835233
19,2,4,2,0.2753445213835233
20,2,4,2,0.45807971607348175
0,2,4,3,0.6066917899560476
1,2,4,3,0.6066917899560476
2,2,4,3,0.6066917899560476
3,2,4,3,0.6066917899560476
4,2,4,3,0.6066917899560476
5,2,4,3,0.6448988892786975
6,2,4,3,0.6448988892786975
7,2,4,3,0.6448988892786975
8,2,4,3,0.6448988892786975
9,2,4,3,0.6448988892786975
10,2,4,3,0.6448988892786975
11,2,4,3,0.6448988892786975
12,2,4,3,0.6448988892786975
13,2,4,3,0.6448988892786975
14,1,4,3,0.0
15,1,4,3,0.6763526584453526
16,1,4,3,0.6763526584453526
17,1,4,3,0.6763526584453526
18,1,4,3,0.6763526584453526
19,1,4,3,0.6763526584453526
20,1,4,3,0.6763526584453526
0,2,4,4,0.6817450901804747
1,2,4,4,0.6817450901804747
2,2,4,4,0.6817450901804747
3,2,4,4,0.6817450901804747
4,2,4,4,0.6817450901804747
5,2,4,4,0.6817450901804747
6,2,4,4,0.6817450901804747
7,2,4,4,0.6817450901804747
8,2,4,4,0.6817450901804747
9,2,4,4,0.6817450901804747
10,2,4,4,0.6817450901804747
11,2,4,4,0.6817450901804747
12,2,4,4,0.6817450901804747
13,2,4,4,0.6817450901804747
14,2,4,4,0.6817450901804747
15,2,4,4,0.6817450901804747
16,2,4,4,0.6817450901804747
17,2,4,4,0.6817450901804747
18,2,4,4,0.6817450901804747
19,2,4,4,0.6817450901804747
20,2,4,4,0.6817450901804747
0,2,4,5,0.34590078618165987
1,2,4,5,0.34590078618165987
2,2,4,5,0.34590078618165987
3,2,4,5,0.34590078618165987
4,2,4,5,0.34590078618165987
5,2,4,5,0.34590078618165987
6,2,4,5,0.34590078618165987
7,2,4,5,0.4597431865094781
8,2,4,5,0.4597431865094781
9,2,4,5,0.4597431865094781
10,2,4,5,0.4597431865094781
11,2,4,5,0.4597431865094781
12,2,4,5,0.4597431865094781
13,2,4,5,0.4597431865094781
14,2,4,5,0.4597431865094781
15,2,4,5,0.4597431865094781
16,2,4,5,0.4597431865094781
17,2,4,5,0.4597431865094781
18,2,4,5,0.4597431865094781
19,2,4,5,0.4597431865094781
20,2,4,5,0.4597431865094781
0,2,5,1,0.09797681856889984
1,2,5,1,0.09797681856889984
2,2,5,1,0.09797681856889984
3,2,5,1,0.09797681856889984
4,2,5,1,0.09797681856889984
5,2,5,1,0.09797681856889984
6,2,5,1,0.09797681856889984
7,2,5,1,0.09797681856889984
8,2,5,1,0.09797681856889984
9,2,5,1,0.09797681856889984
10,2,5,1,0.09797681856889984
11,2,5,1,0.09797681856889984
12,2,5,1,0.09797681856889984
13,2,5,1,0.09797681856889984
14,2,5,1,0.09797681856889984
15,2,5,1,0.09797681856889984
16,2,5,1,0.09797681856889984
17,2,5,1,0.09797681856889984
18,2,5,1,0.09797681856889984
19,2,5,1,0.09797681856889984
20,2,5,1,0.09797681856889984
0,2,5,2,0.4336542890633606
1,2,5,2,0.4336542890633606
2,2,5,2,0.4336542890633606
3,2,5,2,0.4336542890633606
4,2,5,2,0.4336542890633606
5,2,5,2,0.4336542890633606
6,2,5,2,0.4336542890633606
7,2,5,2,0.4336542890633606
8,2,5,2,0.4336542890633606
9,2,5,2,0.4336542890633606
10,2,5,2,0.4336542890633606
11,2,5,2,0.4336542890633606
12,2,5,2,0.5237275579860685
13,2,5,2,0.5237275579860685
14,2,5,2,0.5237275579860685
15,2,5,2,0.5237275579860685
16,2,5,2,0.5237275579860685
17,2,5,2,0.5237275579860685
18,2,5,2,0.5237275579860685
19,2,5,2,0.5237275579860685
20,2,5,2,0.5237275579860685
0,2,5,3,0.7545107380861655
1,2,5,3,0.7545107380861655
2,1,5,3,0.7466794128558257
3,1,5,3,0.7466794128558257
4,1,5,3,0.7466794128558257
5,1,5,3,0.7466794128558257
6,1,5,3,0.7466794128558257
7,1,5,3,0.7466794128558257
8,1,5,3,0.7466794128558257
9,1,5,3,0.7466794128558257
10,1,5,3,0.49446942569958485
11,1,5,3,0.49446942569958485
12,1,5,3,0.49446942569958485
13,1,5,3,0.49446942569958485
14,1,5,3,0.49446942569958485
15,1,5,3,0.49446942569958485
16,1,5,3,0.49446942569958485
17,1,5,3,0.49446942569958485
18,1,5,3,0.49446942569958485
19,1,5,3,0.49446942569958485
20,1,5,3,0.49446942569958485
0,2,5,4,0.47051281006826406
1,2,5,4,0.47051281006826406
2,2,5,4,0.47051281006826406
3,2,5,4,0.47051281006826406
4,2,5,4,0.47051281006826406
5,2,5,4,0.47051281006826406
6,2,5,4,0.47051281006826406
7,2,5,4,0.47051281006826406
8,2,5,4,0.47051281006826406
9,2,5,4,0.47051281006826406
10,2,5,4,0.47051281006826406
11,2,5,4,0.47051281006826406
12,2,5,4,0.47051281006826406
13,2,5,4,0.47051281006826406
14,2,5,4,0.47051281006826406
15,2,5,4,0.47051281006826406
16,2,5,4,0.47051281006826406
17,2,5,4,0.47051281006826406
18,2,5,4,0.47051281006826406
19,2,5,4,0.47051281006826406
20,2,5,4,0.40168008558095475
0,2,5,5,0.6165724938264924
1,2,5,5,0.6165724938264924
2,2,5,5,0.6165724938264924
3,2,5,5,0.6165724938264924
4,2,5,5,0.6165724938264924
5,2,5,5,0.5296528804732339
6,2,5,5,0.5296528804732339
7,2,5,5,0.5296528804732339
8,2,5,5,0.5296528804732339
9,2,5,5,0.5296528804732339
10,2,5,5,0.5296528804732339
11,2,5,5,0.5296528804732339
12,2,5,5,0.5296528804732339
13,2,5,5,0.39117670109502845
14,2,5,5,0.39117670109502845
15,2,5,5,0.39117670109502845
16,2,5,5,0.39117670109502845
17,2,5,5,0.39117670109502845
18,2,5,5,0.39117670109502845
19,2,5,5,0.39117670109502845
20,2,5,5,0.5089376407562657
0,3,1,1,0.7397030645068717
1,3,1,1,0.618471524974366
2,3,1,1,0.618471524974366
3,3,1,1,0.618471524974366
4,3,1,1,0.618471524974366
5,3,1,1,0.618471524974366
6,3,1,1,0.618471524974366
7,3,1,1,0.618471524974366
8,3,1,1,0.618471524974366
9,3,1,1,0.618471524974366
10,3,1,1,0.618471524974366
11,3,1,1,0.618471524974366
12,3,1,1,0.618471524974366
13,3,1,1,0.618471524974366
14,3,1,1,0.618471524974366
15,3,1,1,0.618471524974366
16,3,1,1,0.618471524974366
17,3,1,1,0.618471524974366
18,3,1,1,0.618471524974366
19,3,1,1,0.618471524974366
20,3,1,1,0.618471524974366
0,3,1,2,0.5011158376918828
1,3,1,2,0.5011158376918828
2,3,1,2,0.46715519977406467
3,3,1,2,0.46715519977406467
4,3,1,2,0.3623262327726198
5,3,1,2,0.3623262327726198
6,3,1,2,0.3623262327726198
7,2,1,2,0.4596786952420016
8,2,1,2,0.4596786952420016
9,2,1,2,0.4596786952420016
10,2,1,2,0.4596786952420016
11,2,1,2,0.4596786952420016
12,2,1,2,0.4596786952420016
13,2,1,2,0.4596786952420016
14,2,1,2,0.4596786952420016
15,2,1,2,0.4596786952420016
16,2,1,2,0.4596786952420016
17,2,1,2,0.4596786952420016
18,2,1,2,0.4596786952420016
19,2,1,2,0.4596786952420016
20,2,1,2,0.4596786952420016
0,3,1,3,0.657833435040997
1,3,1,3,0.657833435040997
2,3,1,3,0.657833435040997
3,3,1,3,0.657833435040997
4,3,1,3,0.6829405463411268
5,3,1,3,0.6829405463411268
6,3,1,3,0.6829405463411268
7,3,1,3,0.6829405463411268
8,3,1,3,0.7874701868005795
9,3,1,3,0.7874701868005795
10,3,1,3,0.7874701868005795
11,3,1,3,0.7874701868005795
12,3,1,3,0.7874701868005795
13,3,1,3,0.7874701868005795
14,3,1,3,0.7874701868005795
15,3,1,3,0.7874701868005795
16,3,1,3,0.7425105155384761
17,3,1,3,0.7425105155384761
18,3,1,3,0.7998793884696663
19,3,1,3,0.7998793884696663
20,3,1,3,0.7998793884696663
0,3,1,4,0.5067868384559796
1,3,1,4,0.5067868384559796
2,3,1,4,0.5067868384559796
3,3,1,4,0.678144047719995
4,3,1,4,0.41097113033491744
5,3,1,4,0.41097113033491744
6,3,1,4,0.41097113033491744
7,3,1,4,0.41097113033491744
8,3,1,4,0.41097113033491744
9,3,1,4,0.41097113033491744
10,3,1,4,0.5373291274050686
11,3,1,4,0.6230653542077026
12,3,1,4,0.6230653542077026
13,3,1,4,0.6230653542077026
14,3,1,4,0.528109416213196
15,3,1,4,0.528109416213196
16,3,1,4,0.528109416213196
17,3,1,4,0.528109416213196
18,3,1,4,0.528109416213196
19,3,1,4,0.5032304907145437
20,3,1,4,0.5032304907145437
0,3,1,5,0.4212209100233831
1,3,1,5,0.4212209100233831
2,3,1,5,0.4212209100233831
3,3,1,5,0.4212209100233831
4,3,1,5,0.5079632529968624
5,3,1,5,0.5079632529968624
6,3,1,5,0.5684508596442771
7,3,1,5,0.5684508596442771
8,3,1,5,0.5816948794379142
9,3,1,5,0.5816948794379142
10,3,1,5,0.5816948794379142
11,3,1,5,0.5570634599385711
12,3,1,5,0.5570634599385711
13,3,1,5,0.5570634599385711
14,3,1,5,0.5570634599385711
15,3,1,5,0.5570634599385711
16,3,1,5,0.5570634599385711
17,3,1,5,0.5570634599385711
18,3,1,5,0.5570634599385711
19,3,1,5,0.5570634599385711
20,3,1,5,0.5570634599385711
0,3,2,1,0.2772377779504525
1,3,2,1,0.2772377779504525
2,3,2,1,0.2772377779504525
3,3,2,1,0.2772377779504525
4,3,2,1,0.2772377779504525
5,3,2,1,0.2772377779504525
6,3,2,1,0.2772377779504525
7,3,2,1,0.2772377779504525
8,3,2,1,0.2772377779504525
9,3,2,1,0.2772377779504525
10,3,2,1,0.2772377779504525
11,3,2,1,0.2772377779504525
12,3,2,1,0.2772377779504525
13,3,2,1,0.2772377779504525
14,3,2,1,0.2772377779504525
15,3,2,1,0.2772377779504525
16,3,2,1,0.2772377779504525
17,3,2,1,0.2772377779504525
18,3,2,1,0.2772377779504525
19,3,2,1,0.2772377779504525
20,3,2,1,0.385141982978131
0,3,2,2,0.6012746858940702
1,3,2,2,0.6012746858940702
2,3,2,2,0.6012746858940702
3,2,2,2,0.5827439357225743
4,2,2,2,0.41682067327630967
5,2,2,2,0.41682067327630967
6,2,2,2,0.41682067327630967
7,2,2,2,0.41682067327630967
8,2,2,2,0.41682067327630967
9,2,2,2,0.41682067327630967
10,2,2,2,0.41682067327630967
11,2,2,2,0.41682067327630967
12,2,2,2,0.41682067327630967
13,2,2,2,0.41682067327630967
14,2,2,2,0.41682067327630967
15,2,2,2,0.41682067327630967
16,2,2,2,0.41682067327630967
17,2,2,2,0.5681780011857586
18,2,2,2,0.5681780011857586
19,2,2,2,0.5681780011857586
20,2,2,2,0.5681780011857586
0,3,2,3,0.4250317033428456
1,3,2,3,0.4250317033428456
2,3,2,3,0.4250317033428456
3,3,2,3,0.4250317033428456
4,3,2,3,0.4250317033428456
5,3,2,3,0.4250317033428456
6,3,2,3,0.4250317033428456
7,3,2,3,0.4250317033428456
8,3,2,3,0.4250317033428456
9,3,2,3,0.3582029024223769
10,3,2,3,0.44862550148912955
11,3,2,3,0.44862550148912955
12,3,2,3,0.44862550148912955
13,3,2,3,0.44862550148912955
14,3,2,3,0.44862550148912955
15,3,2,3,0.44862550148912955
16,3,2,3,0.44862550148912955
17,3,2,3,0.44862550148912955
18,3,2,3,0.44862550148912955
19,3,2,3,0.44862550148912955
20,3,2,3,0.44862550148912955
0,3,2,4,0.6173549348529518
1,3,2,4,0.6173549348529518
2,3,2,4,0.6173549348529518
3,3,2,4,0.6173549348529518
4,3,2,4,0.6173549348529518
5,3,2,4,0.6173549348529518
6,3,2,4,0.6173549348529518
7,3,2,4,0.6173549348529518
8,3,2,4,0.6173549348529518
9,3,2,4,0.6173549348529518
10,3,2,4,0.6173549348529518
11,3,2,4,0.610963878004361
12,3,2,4,0.610963878004361
13,3,2,4,0.6620973567332932
14,3,2,4,0.6620973567332932
15,3,2,4,0.6035209767430146
16,3,2,4,0.7209248381089225
17,3,2,4,0.7209248381089225
18,3,2,4,0.6891131167552511
19,3,2,4,0.6891131167552511
20,3,2,4,0.6891131167552511
0,3,2,5,0.2788486165487875
1,3,2,5,0.2788486165487875
2,3,2,5,0.39752692829677017
3,3,2,5,0.39752692829677017
4,3,2,5,0.39752692829677017
5,3,2,5,0.5350358768220822
6,3,2,5,0.5350358768220822
7,3,2,5,0.5350358768220822
8,3,2,5,0.5379085466819876
9,3,2,5,0.5379085466819876
10,3,2,5,0.5379085466819876
11,3,2,5,0.5379085466819876
12,3,2,5,0.5873959688435412
13,3,2,5,0.5873959688435412
14,3,2,5,0.5873959688435412
15,3,2,5,0.5873959688435412
16,3,2,5,0.5873959688435412
17,3,2,5,0.5010273645613338
18,3,2,5,0.5010273645613338
19,3,2,5,0.3908288431109222
20,3,2,5,0.3908288431109222
0,3,3,1,0.578274265083022
1,3,3,1,0.5586361312423788
2,3,3,1,0.5586361312423788
3,3,3,1,0.5586361312423788
4,3,3,1,0.5586361312423788
5,3,3,1,0.5586361312423788
6,3,3,1,0.5586361312423788
7,3,3,1,0.5586361312423788
8,3,3,1,0.5586361312423788
9,3,3,1,0.5586361312423788
10,3,3,1,0.5586361312423788
11,3,3,1,0.5586361312423788
12,2,3,1,0.48358398368852096
13,2,3,1,0.5449960573495765
14,2,3,1,0.5449960573495765
15,2,3,1,0.5449960573495765
16,2,3,1,0.5449960573495765
17,2,3,1,0.5449960573495765
18,2,3,1,0.5449960573495765
19,2,3,1,0.5449960573495765
20,2,3,1,0.5449960573495765
0,3,3,2,0.28017790589240404
1,3,3,2,0.28017790589240404
2,3,3,2,0.28017790589240404
3,3,3,2,0.28017790589240404
4,3,3,2,0.28017790589240404
5,3,3,2,0.28017790589240404
6,3,3,2,0.28017790589240404
7,3,3,2,0.28017790589240404
8,3,3,2,0.28017790589240404
9,3,3,2,0.28017790589240404
10,3,3,2,0.28017790589240404
11,3,3,2,0.28017790589240404
12,3,3,2,0.28017790589240404
13,3,3,2,0.28017790589240404
14,3,3,2,0.28017790589240404
15,3,3,2,0.28017790589240404
16,3,3,2,0.28017790589240404
17,3,3,2,0.28017790589240404
18,3,3,2,0.28017790589240404
19,3,3,2,0.28017790589240404
20,3,3,2,0.28017790589240404
0,3,3,3,0.5041301016713858
1,3,3,3,0.5041301016713858
2,3,3,3,0.6526275381953118
3,3,3,3,0.6526275381953118
4,3,3,3,0.6526275381953118
5,3,3,3,0.6526275381953118
6,3,3,3,0.6526275381953118
7,3,3,3,0.6526275381953118
8,3,3,3,0.6526275381953118
9,3,3,3,0.6526275381953118
10,3,3,3,0.6526275381953118
11,3,3,3,0.6526275381953118
12,3,3,3,0.6526275381953118
13,3,3,3,0.7166349578355383
14,3,3,3,0.7166349578355383
15,3,3,3,0.7166349578355383
16,3,3,3,0.7166349578355383
17,3,3,3,0.7166349578355383
18,3,3,3,0.7166349578355383
19,3,3,3,0.7166349578355383
20,3,3,3,0.7166349578355383
0,3,3,4,0.31618379562082527
1,3,3,4,0.31618379562082527
2,3,3,4,0.31618379562082527
3,3,3,4,0.31618379562082527
4,3,3,4,0.31618379562082527
5,3,3,4,0.33195768357205696
6,3,3,4,0.33195768357205696
7,3,3,4,0.33195768357205696
8,3,3,4,0.33195768357205696
9,3,3,4,0.33195768357205696
10,3,3,4,0.33195768357205696
11,3,3,4,0.33195768357205696
12,3,3,4,0.3611078655993463
13,3,3,4,0.3611078655993463
14,3,3,4,0.40112751517732664
15,3,3,4,0.40112751517732664
16,3,3,4,0.40112751517732664
17,3,3,4,0.40112751517732664
18,3,3,4,0.40112751517732664
19,3,3,4,0.40112751517732664
20,3,3,4,0.40112751517732664
0,3,3,5,0.42345468860295704
1,3,3,5,0.42345468860295704
2,3,3,5,0.46787865252277117
3,3,3,5,0.5465368896125277
4,3,3,5,0.5465368896125277
5,3,3,5,0.5465368896125277
6,3,3,5,0.5465368896125277
7,3,3,5,0.5465368896125277
8,3,3,5,0.39059798327917017
9,2,3,5,0.3093462417246135
10,2,3,5,0.3093462417246135
11,2,3,5,0.3093462417246135
12,2,3,5,0.3093462417246135
13,2,3,5,0.3093462417246135
14,2,3,5,0.1504331973520877
15,2,3,5,0.1504331973520877
16,2,3,5,0.1504331973520877
17,2,3,5,0.1504331973520877
18,2,3,5,0.1504331973520877
19,2,3,5,0.1504331973520877
20,2,3,5,0.1504331973520877
0,3,4,1,0.35866393711257666
1,3,4,1,0.38222118787292153
2,3,4,1,0.38222118787292153
3,3,4,1,0.38222118787292153
4,3,4,1,0.38222118787292153
5,3,4,1,0.38222118787292153
6,3,4,1,0.18928770983123644
7,3,4,1,0.18928770983123644
8,3,4,1,0.18928770983123644
9,3,4,1,0.18928770983123644
10,2,4,1,0.29235883652170014
11,2,4,1,0.2272903877104468
12,2,4,1,0.2272903877104468
13,2,4,1,0.2272903877104468
14,2,4,1,0.2272903877104468
15,2,4,1,0.2272903877104468
16,2,4,1,0.2272903877104468
17,2,4,1,0.2272903877104468
18,2,4,1,0.2272903877104468
19,2,4,1,0.2272903877104468
20,2,4,1,0.2272903877104468
0,3,4,2,0.4260454055838419
1,3,4,2,0.4260454055838419
2,3,4,2,0.4260454055838419
3,3,4,2,0.4260454055838419
4,3,4,2,0.4260454055838419
5,3,4,2,0.4260454055838419
6,3,4,2,0.4260454055838419
7,3,4,2,0.4260454055838419
8,3,4,2,0.5755709152344665
9,3,4,2,0.5755709152344665
10,3,4,2,0.5755709152344665
11,3,4,2,0.5755709152344665
12,3,4,2,0.5755709152344665
13,3,4,2,0.5755709152344665
14,3,4,2,0.5755709152344665
15,3,4,2,0.5755709152344665
16,3,4,2,0.5755709152344665
17,3,4,2,0.5755709152344665
18,3,4,2,0.5800553382975333
19,3,4,2,0.5800553382975333
20,3,4,2,0.5800553382975333
0,3,4,3,0.5861769846201434
1,3,4,3,0.5861769846201434
2,3,4,3,0.5861769846201434
3,3,4,3,0.5861769846201434
4,3,4,3,0.5861769846201434
5,3,4,3,0.5861769846201434
6,3,4,3,0.464256782255382
7,3,4,3,0.5350072357624964
8,3,4,3,0.5350072357624964
9,3,4,3,0.5023888455071877
10,3,4,3,0.5023888455071877
11,3,4,3,0.5023888455071877
12,3,4,3,0.5856463444519201
13,3,4,3,0.5856463444519201
14,3,4,3,0.5856463444519201
15,3,4,3,0.5856463444519201
16,3,4,3,0.5856463444519201
17,3,4,3,0.5856463444519201
18,3,4,3,0.5856463444519201
19,3,4,3,0.5856463444519201
20,3,4,3,0.5856463444519201
0,3,4,4,0.32137585107953254
1,3,4,4,0.32137585107953254
2,3,4,4,0.32137585107953254
3,3,4,4,0.32137585107953254
4,3,4,4,0.32137585107953254
5,3,4,4,0.2910995508381741
6,3,4,4,0.2910995508381741
7,3,4,4,0.2910995508381741
8,3,4,4,0.2910995508381741
9,3,4,4,0.2910995508381741
10,3,4,4,0.2910995508381741
11,3,4,4,0.2910995508381741
12,3,4,4,0.2910995508381741
13,3,4,4,0.2910995508381741
14,3,4,4,0.5207205863069667
15,3,4,4,0.5207205863069667
16,3,4,4,0.5207205863069667
17,3,4,4,0.5207205863069667
18,3,4,4,0.5207205863069667
19,3,4,4,0.5207205863069667
20,3,4,4,0.5207205863069667
0,3,4,5,0.4479716707841144
1,3,4,5,0.4479716707841144
2,3,4,5,0.20749341315793626
3,3,4,5,0.20749341315793626
4,3,4,5,0.20749341315793626
5,3,4,5,0.20749341315793626
6,3,4,5,0.10572005300477312
7,3,4,5,0.10572005300477312
8,3,4,5,0.10572005300477312
9,3,4,5,0.10572005300477312
10,3,4,5,0.10572005300477312
11,3,4,5,0.10572005300477312
12,3,4,5,0.10572005300477312
13,3,4,5,0.09113627801883632
14,3,4,5,0.20160622568387235
15,3,4,5,0.20160622568387235
16,3,4,5,0.20160622568387235
17,3,4,5,0.20160622568387235
18,3,4,5,0.20160622568387235
19,3,4,5,0.23389886294201653
20,2,4,5,-0.081199396618444
0,3,5,1,0.42715719490476173
1,3,5,1,0.42715719490476173
2,3,5,1,0.42715719490476173
3,3,5,1,0.42715719490476173
4,3,5,1,0.42715719490476173
5,3,5,1,0.42715719490476173
6,3,5,1,0.3888430765417306
7,3,5,1,0.3888430765417306
8,3,5,1,0.3888430765417306
9,3,5,1,0.3888430765417306
10,3,5,1,0.3888430765417306
11,3,5,1,0.3888430765417306
12,3,5,1,0.3888430765417306
13,3,5,1,0.3888430765417306
14,3,5,1,0.3888430765417306
15,3,5,1,0.3888430765417306
16,3,5,1,0.3888430765417306
17,3,5,1,0.3888430765417306
18,3,5,1,0.3888430765417306
19,3,5,1,0.3888430765417306
20,3,5,1,0.3888430765417306
0,3,5,2,0.5891671675809024
1,3,5,2,0.5891671675809024
2,3,5,2,0.5891671675809024
3,3,5,2,0.5662328357314825
4,3,5,2,0.4728839232384878
5,3,5,2,0.4728839232384878
6,3,5,2,0.4728839232384878
7,3,5,2,0.4728839232384878
8,3,5,2,0.4728839232384878
9,3,5,2,0.4203087671683223
10,3,5,2,0.4203087671683223
11,3,5,2,0.4203087671683223
12,3,5,2,0.4203087671683223
13,3,5,2,0.4203087671683223
14,3,5,2,0.4203087671683223
15,3,5,2,0.4203087671683223
16,3,5,2,0.4203087671683223
17,3,5,2,0.4203087671683223
18,3,5,2,0.4203087671683223
19,3,5,2,0.4203087671683223
20,3,5,2,0.4203087671683223
0,3,5,3,0.5933143038782777
1,3,5,3,0.5933143038782777
2,3,5,3,0.5933143038782777
3,3,5,3,0.5933143038782777
4,3,5,3,0.5933143038782777
5,3,5,3,0.5933143038782777
6,3,5,3,0.4912929353637791
7,3,5,3,0.6030892947649256
8,3,5,3,0.6030892947649256
9,3,5,3,0.6030892947649256
10,3,5,3,0.6000483742710997
11,3,5,3,0.717122027512115
12,3,5,3,0.717122027512115
13,3,5,3,0.717122027512115
14,3,5,3,0.717122027512115
15,3,5,3,0.717122027512115
16,3,5,3,0.717122027512115
17,3,5,3,0.717122027512115
18,3,5,3,0.717122027512115
19,3,5,3,0.717122027512115
20,3,5,3,0.717122027512115
0,3,5,4,0.3103870595125338
1,3,5,4,0.3103870595125338
2,3,5,4,0.3315879972011946
3,3,5,4,0.3044319912543315
4,3,5,4,0.3044319912543315
5,3,5,4,0.3044319912543315
6,3,5,4,0.3044319912543315
7,3,5,4,0.3044319912543315
8,3,5,4,0.3044319912543315
9,3,5,4,0.3044319912543315
10,3,5,4,0.3044319912543315
11,3,5,4,0.3044319912543315
12,3,5,4,0.3044319912543315
13,3,5,4,0.3044319912543315
14,3,5,4,0.3044319912543315
15,3,5,4,0.3044319912543315
16,3,5,4,0.3104358929679963
17,3,5,4,0.17107769839069667
18,3,5,4,0.17107769839069667
19,3,5,4,0.17107769839069667
20,3,5,4,0.17107769839069667
0,3,5,5,0.4972647655764859
1,3,5,5,0.4972647655764859
2,3,5,5,0.4972647655764859
3,3,5,5,0.4972647655764859
4,3,5,5,0.4972647655764859
5,3,5,5,0.4725160397633141
6,3,5,5,0.4725160397633141
7,3,5,5,0.4725160397633141
8,2,5,5,0.34841498027071693
9,2,5,5,0.523807433955657
10,2,5,5,0.523807433955657
11,2,5,5,0.523807433955657
12,2,5,5,0.523807433955657
13,2,5,5,0.523807433955657
14,2,5,5,0.523807433955657
15,2,5,5,0.523807433955657
16,2,5,5,0.523807433955657
17,2,5,5,0.523807433955657
18,2,5,5,0.523807433955657
19,2,5,5,0.523807433955657
20,2,5,5,0.523807433955657
0,4,1,1,0.6722252090078089
1,4,1,1,0.6722252090078089
2,4,1,1,0.6722252090078089
3,4,1,1,0.6722252090078089
4,4,1,1,0.6722252090078089
5,4,1,1,0.7465936773029093
6,4,1,1,0.7465936773029093
7,4,1,1,0.7465936773029093
8,4,1,1,0.7465936773029093
9,4,1,1,0.7142270867304312
10,4,1,1,0.675681370127624
11,4,1,1,0.675681370127624
12,4,1,1,0.675681370127624
13,4,1,1,0.675681370127624
14,4,1,1,0.675681370127624
15,4,1,1,0.6778324687559617
16,4,1,1,0.7563928349717868
17,4,1,1,0.7225235423314265
18,4,1,1,0.7225235423314265
19,4,1,1,0.7225235423314265
20,4,1,1,0.7225235423314265
0,4,1,2,0.8306757526856057
1,4,1,2,0.8306757526856057
2,4,1,2,0.8306757526856057
3,4,1,2,0.8306757526856057
4,4,1,2,0.8306757526856057
5,4,1,2,0.8306757526856057
6,4,1,2,0.807261613826783
7,4,1,2,0.9536705316317182
8,4,1,2,0.9536705316317182
9,4,1,2,0.9536705316317182
10,4,1,2,0.7518087983161024
11,4,1,2,0.7518087983161024
12,4,1,2,0.7518087983161024
13,4,1,2,0.632616958523328
14,4,1,2,0.632616958523328
15,4,1,2,0.6474154769283594
16,4,1,2,0.6474154769283594
17,4,1,2,0.6474154769283594
18,4,1,2,0.6474154769283594
19,4,1,2,0.6259581341538193
20,4,1,2,0.6259581341538193
0,4,1,3,0.2680024760296643
1,4,1,3,0.2680024760296643
2,4,1,3,0.2680024760296643
3,4,1,3,0.2680024760296643
4,4,1,3,0.2680024760296643
5,4,1,3,0.2680024760296643
6,4,1,3,0.2680024760296643
7,4,1,3,0.2680024760296643
8,4,1,3,0.2680024760296643
9,4,1,3,0.2680024760296643
10,4,1,3,0.2680024760296643
11,4,1,3,0.2680024760296643
12,4,1,3,0.2680024760296643
13,4,1,3,0.2680024760296643
14,4,1,3,0.2680024760296643
15,4,1,3,0.2680024760296643
16,4,1,3,0.2680024760296643
17,4,1,3,0.2680024760296643
18,4,1,3,0.2680024760296643
19,4,1,3,0.11822330672808687
20,4,1,3,0.11822330672808687
0,4,1,4,0.27561756219138894
1,4,1,4,0.27561756219138894
2,4,1,4,0.27561756219138894
3,4,1,4,0.27561756219138894
4,4,1,4,0.27561756219138894
5,4,1,4,0.27561756219138894
6,4,1,4,0.27561756219138894
7,4,1,4,0.27561756219138894
8,4,1,4,0.27561756219138894
9,4,1,4,0.3202784324081986
10,4,1,4,0.3202784324081986
11,4,1,4,0.3202784324081986
12,3,1,4,0.36943665483294613
13,3,1,4,0.36943665483294613
14,3,1,4,0.36943665483294613
15,3,1,4,0.36943665483294613
16,3,1,4,0.33457882984331105
17,2,1,4,0.24566610561279387
18,2,1,4,0.4391605518074535
19,2,1,4,0.4391605518074535
20,2,1,4,0.4391605518074535
0,4,1,5,0.6342289464852583
1,4,1,5,0.6342289464852583
2,4,1,5,0.6342289464852583
3,4,1,5,0.5773474496976995
4,4,1,5,0.5773474496976995
5,3,1,5,0.2871495028545659
6,3,1,5,0.6188932562125233
7,2,1,5,0.49761563003693615
8,2,1,5,0.5985249680738771
9,2,1,5,0.5985249680738771
10,2,1,5,0.5985249680738771
11,2,1,5,0.5985249680738771
12,2,1,5,0.5985249680738771
13,2,1,5,0.5985249680738771
14,2,1,5,0.5985249680738771
15,2,1,5,0.5985249680738771
16,2,1,5,0.5985249680738771
17,2,1,5,0.5985249680738771
18,2,1,5,0.5985249680738771
19,2,1,5,0.5985249680738771
20,2,1,5,0.9287673849112279
0,4,2,1,0.4028411820001374
1,4,2,1,0.4028411820001374
2,4,2,1,0.4028411820001374
3,4,2,1,0.4028411820001374
4,4,2,1,0.4028411820001374
5,4,2,1,0.4151547964490287
6,4,2,1,0.43643735026274283
7,4,2,1,0.43643735026274283
8,4,2,1,0.43643735026274283
9,4,2,1,0.43643735026274283
10,4,2,1,0.43643735026274283
11,4,2,1,0.3896422301968455
12,4,2,1,0.36840272216234227
13,4,2,1,0.36840272216234227
14,4,2,1,0.3180474202625194
15,4,2,1,0.3180474202625194
16,4,2,1,0.3180474202625194
17,4,2,1,0.3180474202625194
18,4,2,1,0.3180474202625194
19,4,2,1,0.3180474202625194
20,4,2,1,0.2182391988559577
0,4,2,2,0.5437476889882463
1,4,2,2,0.5437476889882463
2,4,2,2,0.5437476889882463
3,4,2,2,0.5437476889882463
4,4,2,2,0.6574597026264346
5,4,2,2,0.6574597026264346
6,4,2,2,0.6574597026264346
7,4,2,2,0.6574597026264346
8,4,2,2,0.6574597026264346
9,4,2,2,0.6574597026264346
10,4,2,2,0.6574597026264346
11,4,2,2,0.6574597026264346
12,4,2,2,0.6574597026264346
13,3,2,2,0.4377381445952307
14,3,2,2,0.6339290056075041
15,3,2,2,0.6339290056075041
16,3,2,2,0.6339290056075041
17,3,2,2,0.6339290056075041
18,3,2,2,0.6339290056075041
19,3,2,2,0.7794134170089588
20,3,2,2,0.7794134170089588
0,4,2,3,0.7789326325124002
1,4,2,3,0.7789326325124002
2,4,2,3,0.8528480170584527
3,4,2,3,0.8528480170584527
4,4,2,3,0.8528480170584527
5,4,2,3,0.9449407329609673
6,4,2,3,0.9449407329609673
7,4,2,3,0.9449407329609673
8,3,2,3,0.7099300615365327
9,2,2,3,0.4561355363448662
10,2,2,3,1.0014124060354288
11,2,2,3,1.0014124060354288
12,2,2,3,1.0014124060354288
13,2,2,3,1.0014124060354288
14,2,2,3,1.0014124060354288
15,2,2,3,1.0014124060354288
16,2,2,3,1.0014124060354288
17,2,2,3,1.0014124060354288
18,2,2,3,1.0402231858439794
19,2,2,3,1.0402231858439794
20,2,2,3,0.8514035834992038
0,4,2,4,0.744724121507917
1,4,2,4,0.744724121507917
2,4,2,4,0.6741134643534438
3,4,2,4,0.6437198665079849
4,4,2,4,0.6437198665079849
5,4,2,4,0.6437198665079849
6,4,2,4,0.6437198665079849
7,4,2,4,0.6437198665079849
8,4,2,4,0.6437198665079849
9,4,2,4,0.6437198665079849
10,4,2,4,0.6437198665079849
11,4,2,4,0.6437198665079849
12,4,2,4,0.6437198665079849
13,4,2,4,0.6437198665079849
14,4,2,4,0.6437198665079849
15,4,2,4,0.6437198665079849
16,4,2,4,0.6437198665079849
17,4,2,4,0.6481329466420075
18,4,2,4,0.6481329466420075
19,4,2,4,0.6481329466420075
20,4,2,4,0.6481329466420075
0,4,2,5,0.6138761640416742
1,4,2,5,0.4790029394340375
2,4,2,5,0.4790029394340375
3,3,2,5,0.28412646627234955
4,3,2,5,0.4288297594100812
5,3,2,5,0.4288297594100812
6,3,2,5,0.4288297594100812
7,3,2,5,0.4288297594100812
8,3,2,5,0.4288297594100812
9,3,2,5,0.4288297594100812
10,3,2,5,0.4288297594100812
11,3,2,5,0.4288297594100812
12,3,2,5,0.4288297594100812
13,3,2,5,0.4288297594100812
14,3,2,5,0.4288297594100812
15,3,2,5,0.4288297594100812
16,3,2,5,0.4288297594100812
17,3,2,5,0.4288297594100812
18,2,2,5,0.7009453353237889
19,2,2,5,0.7009453353237889
20,2,2,5,0.47087709585421633
0,4,3,1,0.6266184977240531
1,4,3,1,0.6266184977240531
2,4,3,1,0.6266184977240531
3,4,3,1,0.6113218408766727
4,4,3,1,0.6113218408766727
5,4,3,1,0.6615767372224395
6,4,3,1,0.6615767372224395
7,4,3,1,0.6615767372224395
8,4,3,1,0.6615767372224395
9,4,3,1,0.6615767372224395
10,4,3,1,0.6551693380606816
11,4,3,1,0.6551693380606816
12,4,3,1,0.6551693380606816
13,4,3,1,0.6551693380606816
14,3,3,1,0.6092132802532279
15,3,3,1,0.6092132802532279
16,3,3,1,0.6092132802532279
17,3,3,1,0.6914584509855537
18,3,3,1,0.6914584509855537
19,3,3,1,0.6914584509855537
20,3,3,1,0.6485139754909905
0,4,3,2,0.6373271181258169
1,4,3,2,0.6373271181258169
2,4,3,2,0.6373271181258169
3,4,3,2,0.6373271181258169
4,4,3,2,0.5970767272832113
5,4,3,2,0.5970767272832113
6,4,3,2,0.5970767272832113
7,4,3,2,0.512264173166955
8,4,3,2,0.5162800796902317
9,4,3,2,0.45137064446721453
10,4,3,2,0.45137064446721453
11,4,3,2,0.44342893343663004
12,4,3,2,0.44342893343663004
13,4,3,2,0.44342893343663004
14,4,3,2,0.43909719412241444
15,4,3,2,0.43909719412241444
16,4,3,2,0.43909719412241444
17,4,3,2,0.43909719412241444
18,4,3,2,0.43909719412241444
19,4,3,2,0.43909719412241444
20,4,3,2,0.43909719412241444
0,4,3,3,0.6461502536134607
1,4,3,3,0.6461502536134607
2,4,3,3,0.7175113130351742
3,4,3,3,0.7175113130351742
4,4,3,3,0.7175113130351742
5,4,3,3,0.7175113130351742
6,4,3,3,0.7175113130351742
7,4,3,3,0.7175113130351742
8,4,3,3,0.7175113130351742
9,4,3,3,0.7175113130351742
10,4,3,3,0.7175113130351742
11,4,3,3,0.7175113130351742
12,4,3,3,0.6600911525363178
13,4,3,3,0.6600911525363178
14,4,3,3,0.6600911525363178
15,4,3,3,0.6600911525363178
16,4,3,3,0.6600911525363178
17,4,3,3,0.6600911525363178
18,4,3,3,0.6600911525363178
19,4,3,3,0.6600911525363178
20,4,3,3,0.6905652254986323
0,4,3,4,0.4017840656090212
1,4,3,4,0.4017840656090212
2,4,3,4,0.4017840656090212
3,4,3,4,0.4017840656090212
4,4,3,4,0.4017840656090212
5,4,3,4,0.4017840656090212
6,4,3,4,0.4017840656090212
7,4,3,4,0.4017840656090212
8,4,3,4,0.4017840656090212
9,4,3,4,0.4017840656090212
10,4,3,4,0.4017840656090212
11,4,3,4,0.4017840656090212
12,4,3,4,0.4017840656090212
13,4,3,4,0.4018534414904297
14,4,3,4,0.43230677528953365
15,4,3,4,0.43230677528953365
16,4,3,4,0.5830438884353277
17,4,3,4,0.5830438884353277
18,4,3,4,0.5453058915393388
19,4,3,4,0.5453058915393388
20,4,3,4,0.454729923950949
0,4,3,5,0.17388674799349466
1,4,3,5,0.17388674799349466
2,4,3,5,0.17388674799349466
3,4,3,5,0.17388674799349466
4,4,3,5,0.17388674799349466
5,4,3,5,0.17388674799349466
6,4,3,5,0.17388674799349466
7,4,3,5,0.17388674799349466
8,4,3,5,0.2040532366686765
9,4,3,5,0.1640026485229242
10,4,3,5,0.1640026485229242
11,4,3,5,0.1640026485229242
12,4,3,5,0.1640026485229242
13,4,3,5,0.1640026485229242
14,4,3,5,0.1640026485229242
15,4,3,5,0.1640026485229242
16,4,3,5,0.21081604049533437
17,4,3,5,0.21081604049533437
18,4,3,5,0.21081604049533437
19,4,3,5,0.21081604049533437
20,4,3,5,0.21081604049533437
0,4,4,1,0.5266906500601443
1,4,4,1,0.5266906500601443
2,3,4,1,0.5085570775521063
3,2,4,1,0.3891829401115564
4,2,4,1,0.7628356163281594
5,2,4,1,0.7628356163281594
6,2,4,1,0.7628356163281594
7,2,4,1,0.7628356163281594
8,2,4,1,0.9304919031128907
9,2,4,1,0.9304919031128907
10,2,4,1,0.9304919031128907
11,2,4,1,0.9304919031128907
12,2,4,1,0.9304919031128907
13,2,4,1,0.9304919031128907
14,2,4,1,0.9304919031128907
15,2,4,1,0.9304919031128907
16,2,4,1,0.9304919031128907
17,2,4,1,0.9304919031128907
18,2,4,1,0.9304919031128907
19,2,4,1,0.9304919031128907
20,2,4,1,0.9304919031128907
0,4,4,2,0.47501253238119034
1,4,4,2,0.47501253238119034
2,4,4,2,0.47501253238119034
3,4,4,2,0.47501253238119034
4,4,4,2,0.47501253238119034
5,4,4,2,0.47501253238119034
6,4,4,2,0.50878429174645
7,4,4,2,0.50878429174645
8,4,4,2,0.50878429174645
9,4,4,2,0.50878429174645
10,4,4,2,0.50878429174645
11,4,4,2,0.50878429174645
12,4,4,2,0.5699883090525789
13,4,4,2,0.6375864774750896
14,4,4,2,0.6375864774750896
15,4,4,2,0.6375864774750896
16,4,4,2,0.6375864774750896
17,4,4,2,0.6375864774750896
18,4,4,2,0.6320320881342785
19,4,4,2,0.6006219356252582
20,4,4,2,0.5235365282679492
0,4,4,3,0.46891717736447935
1,4,4,3,0.46891717736447935
2,4,4,3,0.46891717736447935
3,4,4,3,0.4704736767967902
4,4,4,3,0.4704736767967902
5,4,4,3,0.4704736767967902
6,4,4,3,0.4704736767967902
7,4,4,3,0.4797541332329439
8,4,4,3,0.4797541332329439
9,4,4,3,0.4797541332329439
10,4,4,3,0.4797541332329439
11,4,4,3,0.4797541332329439
12,4,4,3,0.4797541332329439
13,4,4,3,0.4797541332329439
14,4,4,3,0.4797541332329439
15,4,4,3,0.4797541332329439
16,4,4,3,0.4797541332329439
17,4,4,3,0.4797541332329439
18,3,4,3,0.5698386200441555
19,3,4,3,0.5698386200441555
20,3,4,3,0.5698386200441555
0,4,4,4,0.4038029438590491
1,4,4,4,0.4038029438590491
2,4,4,4,0.46087811373131976
3,4,4,4,0.46087811373131976
4,4,4,4,0.5435772046964924
5,4,4,4,0.5435772046964924
6,4,4,4,0.5435772046964924
7,4,4,4,0.5435772046964924
8,4,4,4,0.5435772046964924
9,4,4,4,0.5435772046964924
10,4,4,4,0.5435772046964924
11,4,4,4,0.5435772046964924
12,4,4,4,0.5435772046964924
13,3,4,4,0.6916445363208744
14,3,4,4,0.6916445363208744
15,3,4,4,0.6916445363208744
16,3,4,4,0.6916445363208744
17,3,4,4,0.6854030447325691
18,3,4,4,0.6854030447325691
19,3,4,4,0.6854030447325691
20,3,4,4,0.8101825106384911
0,4,4,5,0.43297899897692654
1,4,4,5,0.43297899897692654
2,4,4,5,0.43297899897692654
3,4,4,5,0.43297899897692654
4,4,4,5,0.43297899897692654
5,4,4,5,0.43297899897692654
6,4,4,5,0.43297899897692654
7,4,4,5,0.43297899897692654
8,4,4,5,0.43297899897692654
9,4,4,5,0.43297899897692654
10,4,4,5,0.43297899897692654
11,3,4,5,0.5131786859448398
12,3,4,5,0.5131786859448398
13,3,4,5,0.49956269406729853
14,3,4,5,0.49956269406729853
15,3,4,5,0.49956269406729853
16,3,4,5,0.49956269406729853
17,3,4,5,0.49956269406729853
18,3,4,5,0.5521589563275326
19,2,4,5,0.4210958746058632
20,1,4,5,0.0
0,4,5,1,0.7245255600731767
1,4,5,1,0.7245255600731767
2,4,5,1,0.7245255600731767
3,4,5,1,0.7245255600731767
4,4,5,1,0.7245255600731767
5,4,5,1,0.7994216742414415
6,4,5,1,0.7994216742414415
7,4,5,1,0.7994216742414415
8,4,5,1,0.7994216742414415
9,4,5,1,0.7994216742414415
10,4,5,1,0.7994216742414415
11,4,5,1,0.7994216742414415
12,4,5,1,0.7994216742414415
13,4,5,1,0.8330938032196882
14,4,5,1,0.8499761477382399
15,4,5,1,0.8499761477382399
16,4,5,1,0.8039094028750391
17,4,5,1,0.9487058346515289
18,4,5,1,0.9487058346515289
19,4,5,1,0.9487058346515289
20,4,5,1,0.9487058346515289
0,4,5,2,0.5252422510516404
1,4,5,2,0.5252422510516404
2,4,5,2,0.5252422510516404
3,4,5,2,0.5252422510516404
4,4,5,2,0.5252422510516404
5,4,5,2,0.5252422510516404
6,4,5,2,0.5366562024915652
7,4,5,2,0.5366562024915652
8,4,5,2,0.5366562024915652
9,4,5,2,0.5366562024915652
10,4,5,2,0.5366562024915652
11,4,5,2,0.5366562024915652
12,4,5,2,0.5366562024915652
13,4,5,2,0.6035616495025552
14,4,5,2,0.6077393531238607
15,4,5,2,0.6077393531238607
16,4,5,2,0.6077393531238607
17,4,5,2,0.7338164370424606
18,4,5,2,0.7338164370424606
19,4,5,2,0.7338164370424606
20,4,5,2,0.6682920592030391
0,4,5,3,0.6977739239572578
1,4,5,3,0.6977739239572578
2,4,5,3,0.68172250481966
3,4,5,3,0.68172250481966
4,4,5,3,0.601928120823352
5,4,5,3,0.601928120823352
6,4,5,3,0.601928120823352
7,4,5,3,0.601928120823352
8,4,5,3,0.6396431568852128
9,4,5,3,0.6396431568852128
10,4,5,3,0.6396431568852128
11,4,5,3,0.6396431568852128
12,4,5,3,0.5458040874156272
13,4,5,3,0.5458040874156272
14,4,5,3,0.5458040874156272
15,4,5,3,0.5458040874156272
16,4,5,3,0.5458040874156272
17,4,5,3,0.6365911983576551
18,4,5,3,0.6365911983576551
19,4,5,3,0.6365911983576551
20,4,5,3,0.6365911983576551
0,4,5,4,0.6134040355340526
1,4,5,4,0.6134040355340526
2,4,5,4,0.6134040355340526
3,4,5,4,0.5960146651726732
4,4,5,4,0.5960146651726732
5,4,5,4,0.5960146651726732
6,4,5,4,0.5960146651726732
7,4,5,4,0.579060614342627
8,4,5,4,0.579060614342627
9,4,5,4,0.579060614342627
10,4,5,4,0.579060614342627
11,4,5,4,0.6106279142744351
12,4,5,4,0.6106279142744351
13,4,5,4,0.6106279142744351
14,4,5,4,0.6106279142744351
15,4,5,4,0.6106279142744351
16,4,5,4,0.6106279142744351
17,4,5,4,0.6106279142744351
18,4,5,4,0.5783608443816451
19,4,5,4,0.7012673232291421
20,4,5,4,0.6389738999508165
0,4,5,5,0.4411158392853037
1,4,5,5,0.4411158392853037
2,4,5,5,0.4411158392853037
3,4,5,5,0.46917463163131795
4,4,5,5,0.6408325801917056
5,4,5,5,0.6408325801917056
6,4,5,5,0.6408325801917056
7,4,5,5,0.6408325801917056
8,4,5,5,0.6408325801917056
9,4,5,5,0.5143617814638661
10,4,5,5,0.4281328926323728
11,4,5,5,0.4281328926323728
12,4,5,5,0.4281328926323728
13,4,5,5,0.4281328926323728
14,4,5,5,0.4281328926323728
15,4,5,5,0.4281328926323728
16,4,5,5,0.4281328926323728
17,4,5,5,0.4281328926323728
18,4,5,5,0.4281328926323728
19,4,5,5,0.4281328926323728
20,4,5,5,0.4281328926323728
0,5,1,1,0.6096630409066051
1,5,1,1,0.5095865604576976
2,5,1,1,0.5095865604576976
3,5,1,1,0.5474729098303746
4,5,1,1,0.5474729098303746
5,5,1,1,0.5474729098303746
6,5,1,1,0.5474729098303746
7,5,1,1,0.5474729098303746
8,5,1,1,0.5474729098303746
9,5,1,1,0.5474729098303746
10,5,1,1,0.5474729098303746
11,5,1,1,0.5402963974085824
12,5,1,1,0.5875352336973887
13,5,1,1,0.5875352336973887
14,5,1,1,0.5875352336973887
15,5,1,1,0.5875352336973887
16,5,1,1,0.5875352336973887
17,5,1,1,0.5875352336973887
18,5,1,1,0.6196854887752904
19,5,1,1,0.6196854887752904
20,5,1,1,0.6196854887752904
0,5,1,2,0.4070225380102926
1,5,1,2,0.26653401248440334
2,5,1,2,0.26653401248440334
3,5,1,2,0.26653401248440334
4,5,1,2,0.2908612794295021
5,5,1,2,0.2908612794295021
6,5,1,2,0.2908612794295021
7,5,1,2,0.2908612794295021
8,5,1,2,0.2908612794295021
9,5,1,2,0.2908612794295021
10,5,1,2,0.2908612794295021
11,5,1,2,0.2908612794295021
12,5,1,2,0.2908612794295021
13,5,1,2,0.2908612794295021
14,5,1,2,0.2908612794295021
15,5,1,2,0.1465936800357653
16,5,1,2,0.1465936800357653
17,5,1,2,0.1465936800357653
18,5,1,2,0.07810153655603853
19,5,1,2,0.07810153655603853
20,5,1,2,0.07810153655603853
0,5,1,3,0.535947085034152
1,5,1,3,0.535947085034152
2,5,1,3,0.5532040142017894
3,4,1,3,0.36807816238775093
4,4,1,3,0.6109767993768956
5,4,1,3,0.6109767993768956
6,4,1,3,0.6109767993768956
7,4,1,3,0.6109767993768956
8,4,1,3,0.6109767993768956
9,4,1,3,0.8011775868032843
10,4,1,3,0.8011775868032843
11,4,1,3,0.8011775868032843
12,4,1,3,0.8011775868032843
13,4,1,3,0.8011775868032843
14,4,1,3,0.6805705850438513
15,4,1,3,0.6805705850438513
16,4,1,3,0.6805705850438513
17,4,1,3,0.6805705850438513
18,4,1,3,0.680978140879049
19,4,1,3,0.680978140879049
20,4,1,3,0.680978140879049
0,5,1,4,0.5698421922602946
1,5,1,4,0.564584243700964
2,5,1,4,0.564584243700964
3,5,1,4,0.564584243700964
4,5,1,4,0.564584243700964
5,5,1,4,0.564584243700964
6,5,1,4,0.564584243700964
7,5,1,4,0.5561754905402236
8,4,1,4,0.44120660118493643
9,4,1,4,0.5436257774393741
10,4,1,4,0.5436257774393741
11,4,1,4,0.5436257774393741
12,4,1,4,0.5436257774393741
13,4,1,4,0.4605884068041143
14,4,1,4,0.5946297977508443
15,4,1,4,0.5946297977508443
16,4,1,4,0.5946297977508443
17,4,1,4,0.5946297977508443
18,4,1,4,0.5484400326046424
19,4,1,4,0.5484400326046424
20,4,1,4,0.5484400326046424
0,5,1,5,0.4610926423496619
1,5,1,5,0.4610926423496619
2,5,1,5,0.3892028237150472
3,5,1,5,0.3892028237150472
4,5,1,5,0.364782044518382
5,5,1,5,0.364782044518382
6,5,1,5,0.364782044518382
7,5,1,5,0.3462910433940545
8,5,1,5,0.3462910433940545
9,5,1,5,0.3339372100528221
10,5,1,5,0.3339372100528221
11,5,1,5,0.3339372100528221
12,5,1,5,0.3339372100528221
13,4,1,5,-0.039538437450741495
14,3,1,5,-0.04037783729730445
15,3,1,5,-0.05271791660098866
16,3,1,5,-0.05271791660098866
17,3,1,5,-0.05271791660098866
18,3,1,5,-0.05271791660098866
19,3,1,5,-0.05271791660098866
20,3,1,5,-0.05271791660098866
0,5,2,1,0.4267296103925231
1,5,2,1,0.4267296103925231
2,5,2,1,0.4267296103925231
3,5,2,1,0.4267296103925231
4,5,2,1,0.4267296103925231
5,5,2,1,0.4267296103925231
6,5,2,1,0.4267296103925231
7,5,2,1,0.4267296103925231
8,5,2,1,0.4267296103925231
9,5,2,1,0.4267296103925231
10,5,2,1,0.4267296103925231
11,5,2,1,0.4267296103925231
12,5,2,1,0.4267296103925231
13,5,2,1,0.5142403061241229
14,5,2,1,0.4310358162082414
15,5,2,1,0.4310358162082414
16,3,2,1,0.40622200345746057
17,3,2,1,0.5049467796281181
18,3,2,1,0.5049467796281181
19,3,2,1,0.5049467796281181
20,3,2,1,0.5049467796281181
0,5,2,2,0.5052682111915067
1,5,2,2,0.5052682111915067
2,5,2,2,0.5052682111915067
3,5,2,2,0.5052682111915067
4,5,2,2,0.5052682111915067
5,5,2,2,0.4832757136568799
6,5,2,2,0.4832757136568799
7,5,2,2,0.4690036355993493
8,5,2,2,0.4690036355993493
9,5,2,2,0.4690036355993493
10,5,2,2,0.4690036355993493
11,5,2,2,0.4690036355993493
12,5,2,2,0.4690036355993493
13,5,2,2,0.4690036355993493
14,5,2,2,0.4690036355993493
15,5,2,2,0.4614226121886566
16,5,2,2,0.4614226121886566
17,5,2,2,0.4614226121886566
18,5,2,2,0.4614226121886566
19,4,2,2,0.3234403571842226
20,4,2,2,0.36750504632970166
0,5,2,3,0.30827712498291526
1,5,2,3,0.36526286278480663
2,5,2,3,0.36526286278480663
3,4,2,3,0.4327778173441972
4,4,2,3,0.4327778173441972
5,4,2,3,0.4327778173441972
6,4,2,3,0.4327778173441972
7,4,2,3,0.3235538557090194
8,4,2,3,0.3235538557090194
9,4,2,3,0.3235538557090194
10,4,2,3,0.3235538557090194
11,4,2,3,0.3235538557090194
12,4,2,3,0.24200488812808377
13,4,2,3,0.24200488812808377
14,4,2,3,0.24200488812808377
15,4,2,3,0.24200488812808377
16,4,2,3,0.36508709669331585
17,4,2,3,0.36508709669331585
18,3,2,3,0.20083527711645732
19,3,2,3,0.15594790354887073
20,3,2,3,0.15594790354887073
0,5,2,4,0.5051197932159699
1,5,2,4,0.43732696910422186
2,5,2,4,0.4119024642725574
3,5,2,4,0.4119024642725574
4,5,2,4,0.4119024642725574
5,5,2,4,0.42611723066703655
6,4,2,4,0.5416677504434292
7,4,2,4,0.5416677504434292
8,4,2,4,0.5416677504434292
9,4,2,4,0.5416677504434292
10,4,2,4,0.5416677504434292
11,4,2,4,0.5416677504434292
12,4,2,4,0.5416677504434292
13,4,2,4,0.5416677504434292
14,4,2,4,0.5416677504434292
15,4,2,4,0.5395428597420524
16,4,2,4,0.5395428597420524
17,4,2,4,0.5395428597420524
18,4,2,4,0.5395428597420524
19,4,2,4,0.5395428597420524
20,4,2,4,0.5395428597420524
0,5,2,5,0.4531765850317916
1,5,2,5,0.4531765850317916
2,5,2,5,0.42278383620431254
3,5,2,5,0.42278383620431254
4,5,2,5,0.42278383620431254
5,5,2,5,0.29555817643569526
6,5,2,5,0.29555817643569526
7,5,2,5,0.29555817643569526
8,5,2,5,0.29555817643569526
9,5,2,5,0.2948636298188298
10,5,2,5,0.2948636298188298
11,5,2,5,0.2948636298188298
12,5,2,5,0.2948636298188298
13,5,2,5,0.2948636298188298
14,5,2,5,0.2948636298188298
15,5,2,5,0.2948636298188298
16,5,2,5,0.12087170362286914
17,5,2,5,0.12087170362286914
18,5,2,5,0.052522632337979894
19,5,2,5,0.052522632337979894
20,5,2,5,0.052522632337979894
0,5,3,1,0.46522951639649984
1,5,3,1,0.46522951639649984
2,5,3,1,0.5837895562509068
3,5,3,1,0.5837895562509068
4,5,3,1,0.5837895562509068
5,5,3,1,0.615282693939346
6,5,3,1,0.615282693939346
7,5,3,1,0.615282693939346
8,5,3,1,0.615282693939346
9,5,3,1,0.615282693939346
10,5,3,1,0.6029451085062085
11,5,3,1,0.6029451085062085
12,5,3,1,0.6029451085062085
13,5,3,1,0.6029451085062085
14,4,3,1,0.5183950743263185
15,4,3,1,0.7513232187707068
16,4,3,1,0.7513232187707068
17,4,3,1,0.7513232187707068
18,4,3,1,0.7513232187707068
19,4,3,1,0.7513232187707068
20,4,3,1,0.7513232187707068
0,5,3,2,0.4886845528698882
1,5,3,2,0.4886845528698882
2,5,3,2,0.4886845528698882
3,5,3,2,0.5302818133513553
4,5,3,2,0.5302818133513553
5,5,3,2,0.5185989496244496
6,5,3,2,0.4748815593400194
7,5,3,2,0.4748815593400194
8,5,3,2,0.4748815593400194
9,5,3,2,0.5163362122102915
10,5,3,2,0.5163362122102915
11,5,3,2,0.5235123841703936
12,5,3,2,0.510962228777031
13,5,3,2,0.479820845056396
14,4,3,2,0.5086798069964609
15,4,3,2,0.5086798069964609
16,4,3,2,0.5086798069964609
17,4,3,2,0.5086798069964609
18,4,3,2,0.5086798069964609
19,4,3,2,0.5263142959794342
20,3,3,2,0.39431611257591515
0,5,3,3,0.6123810569842582
1,5,3,3,0.5506759090297413
2,5,3,3,0.5506759090297413
3,5,3,3,0.5506759090297413
4,5,3,3,0.5506759090297413
5,5,3,3,0.5882158576034471
6,5,3,3,0.5882158576034471
7,5,3,3,0.5882158576034471
8,5,3,3,0.5882158576034471
9,5,3,3,0.5882158576034471
10,5,3,3,0.5882158576034471
11,5,3,3,0.5882158576034471
12,5,3,3,0.5882158576034471
13,5,3,3,0.6655171392743349
14,5,3,3,0.6655171392743349
15,5,3,3,0.66833089529558
16,5,3,3,0.66833089529558
17,5,3,3,0.7173237321078719
18,5,3,3,0.7173237321078719
19,5,3,3,0.7173237321078719
20,5,3,3,0.7173237321078719
0,5,3,4,0.6192599684692393
1,5,3,4,0.5828400111979011
2,5,3,4,0.5828400111979011
3,5,3,4,0.5828400111979011
4,5,3,4,0.5834429690668222
5,5,3,4,0.6250403807662108
6,5,3,4,0.5985842681847018
7,5,3,4,0.5985842681847018
8,5,3,4,0.7136231286757988
9,5,3,4,0.7136231286757988
10,5,3,4,0.7136231286757988
11,5,3,4,0.7136231286757988
12,5,3,4,0.7136231286757988
13,4,3,4,0.5554980927043653
14,4,3,4,0.7180819985781048
15,4,3,4,0.7180819985781048
16,4,3,4,0.7180819985781048
17,4,3,4,0.7180819985781048
18,4,3,4,0.7180819985781048
19,4,3,4,0.7180819985781048
20,4,3,4,0.7180819985781048
0,5,3,5,0.31554410002970745
1,5,3,5,0.31554410002970745
2,5,3,5,0.31554410002970745
3,5,3,5,0.31554410002970745
4,5,3,5,0.323206786848117
5,5,3,5,0.323206786848117
6,5,3,5,0.323206786848117
7,5,3,5,0.323206786848117
8,5,3,5,0.323206786848117
9,5,3,5,0.323206786848117
10,5,3,5,0.323206786848117
11,5,3,5,0.323206786848117
12,5,3,5,0.323206786848117
13,5,3,5,0.3368586039285609
14,5,3,5,0.3615819678998831
15,5,3,5,0.3703993156135574
16,5,3,5,0.3703993156135574
17,5,3,5,0.3703993156135574
18,5,3,5,0.3703993156135574
19,5,3,5,0.3703993156135574
20,5,3,5,0.3703993156135574
0,5,4,1,0.6038415298814412
1,5,4,1,0.6038415298814412
2,5,4,1,0.6038415298814412
3,5,4,1,0.6038415298814412
4,5,4,1,0.6357654357173966
5,5,4,1,0.6357654357173966
6,5,4,1,0.6357654357173966
7,5,4,1,0.6357654357173966
8,5,4,1,0.680531306905413
9,5,4,1,0.680531306905413
10,5,4,1,0.680531306905413
11,5,4,1,0.680531306905413
12,5,4,1,0.680531306905413
13,5,4,1,0.680531306905413
14,5,4,1,0.680531306905413
15,5,4,1,0.680531306905413
16,5,4,1,0.680531306905413
17,5,4,1,0.680531306905413
18,5,4,1,0.680531306905413
19,5,4,1,0.680531306905413
20,5,4,1,0.680531306905413
0,5,4,2,0.5158587734022154
1,5,4,2,0.5158587734022154
2,5,4,2,0.5158587734022154
3,5,4,2,0.45629241224064054
4,5,4,2,0.45629241224064054
5,5,4,2,0.45629241224064054
6,5,4,2,0.45629241224064054
7,5,4,2,0.45629241224064054
8,5,4,2,0.4754433033098035
9,5,4,2,0.4754433033098035
10,5,4,2,0.4754433033098035
11,5,4,2,0.4754433033098035
12,5,4,2,0.4754433033098035
13,5,4,2,0.45819906377375413
14,5,4,2,0.5334723269308821
15,5,4,2,0.5334723269308821
16,5,4,2,0.5334723269308821
17,5,4,2,0.5334723269308821
18,5,4,2,0.5334723269308821
19,5,4,2,0.4989614467154203
20,5,4,2,0.4989614467154203
0,5,4,3,0.472296014459807
1,5,4,3,0.472296014459807
2,5,4,3,0.472296014459807
3,5,4,3,0.472296014459807
4,5,4,3,0.472296014459807
5,5,4,3,0.472296014459807
6,5,4,3,0.472296014459807
7,5,4,3,0.3555499900459238
8,5,4,3,0.3555499900459238
9,5,4,3,0.3555499900459238
10,5,4,3,0.3555499900459238
11,5,4,3,0.3555499900459238
12,5,4,3,0.3555499900459238
13,5,4,3,0.3555499900459238
14,4,4,3,0.2919315047583922
15,4,4,3,0.37794051934050754
16,4,4,3,0.37794051934050754
17,4,4,3,0.37794051934050754
18,4,4,3,0.37794051934050754
19,4,4,3,0.37794051934050754
20,4,4,3,0.37794051934050754
0,5,4,4,0.5331101270437694
1,5,4,4,0.49600505429475206
2,5,4,4,0.49600505429475206
3,5,4,4,0.4806784371636466
4,5,4,4,0.4806784371636466
5,5,4,4,0.4806784371636466
6,5,4,4,0.4806784371636466
7,5,4,4,0.4806784371636466
8,5,4,4,0.4806784371636466
9,5,4,4,0.4806784371636466
10,5,4,4,0.4806784371636466
11,5,4,4,0.4806784371636466
12,5,4,4,0.4806784371636466
13,5,4,4,0.4806784371636466
14,5,4,4,0.4806784371636466
15,4,4,4,0.42439177829519736
16,4,4,4,0.42439177829519736
17,4,4,4,0.42439177829519736
18,4,4,4,0.42439177829519736
19,3,4,4,0.3455876330681771
20,3,4,4,0.5117096842464771
0,5,4,5,0.20435467309926042
1,5,4,5,0.3056151732514939
2,5,4,5,0.3056151732514939
3,5,4,5,0.3056151732514939
4,5,4,5,0.3056151732514939
5,5,4,5,0.37347665106129685
6,5,4,5,0.37347665106129685
7,5,4,5,0.4168392696755768
8,5,4,5,0.42321008839353924
9,5,4,5,0.4491372759963837
10,5,4,5,0.4491372759963837
11,5,4,5,0.4491372759963837
12,5,4,5,0.4491372759963837
13,5,4,5,0.4491372759963837
14,5,4,5,0.4491372759963837
15,5,4,5,0.4486564332991991
16,5,4,5,0.4486564332991991
17,5,4,5,0.4486564332991991
18,5,4,5,0.3891746924853013
19,5,4,5,0.44903505464177335
20,5,4,5,0.44903505464177335
0,5,5,1,0.5808641404873853
1,5,5,1,0.5808641404873853
2,4,5,1,0.2330798814875027
3,4,5,1,0.47748024718539944
4,4,5,1,0.47748024718539944
5,4,5,1,0.47748024718539944
6,4,5,1,0.47748024718539944
7,4,5,1,0.47748024718539944
8,4,5,1,0.47748024718539944
9,4,5,1,0.47748024718539944
10,4,5,1,0.47748024718539944
11,4,5,1,0.5581770533404792
12,4,5,1,0.5581770533404792
13,4,5,1,0.504362859481763
14,4,5,1,0.504362859481763
15,4,5,1,0.504362859481763
16,4,5,1,0.504362859481763
17,4,5,1,0.5668660626866798
18,4,5,1,0.6569703334499326
19,4,5,1,0.6569703334499326
20,4,5,1,0.5830518965748924
0,5,5,2,0.41835085539917366
1,4,5,2,0.3227999202271792
2,4,5,2,0.4525988189169666
3,4,5,2,0.4525988189169666
4,4,5,2,0.4525988189169666
5,4,5,2,0.4525988189169666
6,4,5,2,0.4525988189169666
7,4,5,2,0.4525988189169666
8,4,5,2,0.4525988189169666
9,4,5,2,0.40550616382834764
10,4,5,2,0.40550616382834764
11,4,5,2,0.32259181688792826
12,4,5,2,0.32259181688792826
13,4,5,2,0.32259181688792826
14,4,5,2,0.32259181688792826
15,4,5,2,0.32259181688792826
16,4,5,2,0.32259181688792826
17,4,5,2,0.32259181688792826
18,4,5,2,0.32259181688792826
19,4,5,2,0.32259181688792826
20,4,5,2,0.2576083875309416
0,5,5,3,0.6341571740301941
1,5,5,3,0.6341571740301941
2,5,5,3,0.6341571740301941
3,5,5,3,0.6341571740301941
4,5,5,3,0.7980934318399198
5,4,5,3,0.5206806655866558
6,4,5,3,0.5814267532794541
7,3,5,3,0.465139299689993
8,3,5,3,0.6942408874488745
9,3,5,3,0.6942408874488745
10,3,5,3,0.6942408874488745
11,3,5,3,0.6942408874488745
12,3,5,3,0.6942408874488745
13,3,5,3,0.6942408874488745
14,3,5,3,0.6942408874488745
15,3,5,3,0.6942408874488745
16,3,5,3,0.6942408874488745
17,3,5,3,0.6942408874488745
18,3,5,3,0.6143004392383656
19,3,5,3,0.6143004392383656
20,2,5,3,0.472981252969818
0,5,5,4,0.39664505629802954
1,4,5,4,0.24236532964251223
2,4,5,4,0.4440427753181534
3,4,5,4,0.4440427753181534
4,4,5,4,0.4440427753181534
5,4,5,4,0.4440427753181534
6,4,5,4,0.4440427753181534
7,4,5,4,0.4440427753181534
8,4,5,4,0.4440427753181534
9,4,5,4,0.4440427753181534
10,4,5,4,0.3569876293172734
11,4,5,4,0.3569876293172734
12,4,5,4,0.3569876293172734
13,4,5,4,0.3569876293172734
14,4,5,4,0.3569876293172734
15,4,5,4,0.3569876293172734
16,4,5,4,0.3569876293172734
17,4,5,4,0.3569876293172734
18,4,5,4,0.3569876293172734
19,4,5,4,0.21189085094350385
20,4,5,4,0.21189085094350385
0,5,5,5,0.6143125016938493
1,5,5,5,0.6203458949804693
2,5,5,5,0.6570460816281418
3,5,5,5,0.6570460816281418
4,5,5,5,0.6570460816281418
5,5,5,5,0.6570460816281418
6,5,5,5,0.6570460816281418
7,5,5,5,0.6570460816281418
8,5,5,5,0.6570460816281418
9,5,5,5,0.6570460816281418
10,5,5,5,0.6570460816281418
11,5,5,5,0.6570460816281418
12,4,5,5,0.6479890584877301
13,4,5,5,0.6479890584877301
14,4,5,5,0.6479890584877301
15,4,5,5,0.6526403500631113
16,4,5,5,0.6526403500631113
17,4,5,5,0.6526403500631113
18,4,5,5,0.6526403500631113
19,4,5,5,0.6526403500631113
20,4,5,5,0.6526403500631113
